film,rus_name,year,type,rating,country,duration,age,genres,actors,description,url_picture,url_trailer,url_watch
"Fight Club,Бойцовский клуб,1999 ,movie,8.664,США,139.0,18.0,""['триллер', 'драма', 'криминал']"",""['Эдвард Нортон', 'Брэд Питт', 'Хелена Бонем Картер', 'Мит Лоаф', 'Зэк Гренье', 'Холт Маккэллани', 'Джаред Лето', 'Эйон Бэйли', 'Ричмонд Аркетт', 'Дэвид Эндрюс', 'Даст Бразерс', 'Джон Кинг', 'Майкл Симпсон', 'Крис Горак', 'Майкл Каплан', 'Джей Харт', 'Дэвид Финчер', 'Джеймс Хэйгуд', 'Джефф Кроненвет', 'Росс Грэйсон Белл', 'Сиан Чаффин', 'Джон С. Дорси', 'Арт Линсон', 'Евгений Дятлов', 'Петр Семак', 'Светлана Смирнова', 'Вадим Гущин', 'Евгений Иванов', 'Джим Улс', 'Чак Паланик']"",Страховой работник разрушает рутину своей благополучной жизни. Культовая драма по книге Чака Паланика,https://avatars.mds.yandex.net/get-kinopoisk-image/1898899/8ef070c9-2570-4540-9b83-d7ce759c0781/orig,https://www.youtube.com/embed/6JnN1DmbqoU,https://hd.kinopoisk.ru/?rt=44f2da0d8ace7b0ab1889e03a6a52d37"
"Pulp Fiction,Криминальное чтиво,1994 ,movie,8.649,США,154.0,18.0,""['криминал', 'драма']"",""['Джон Траволта', 'Сэмюэл Л. Джексон', 'Брюс Уиллис', 'Ума Турман', 'Винг Реймз', 'Тим Рот', 'Харви Кейтель', 'Квентин Тарантино', 'Питер Грин', 'Аманда Пламмер', 'Чарльз Коллам', 'Бетси Хайман', 'Сэнди Рейнольдс-Уоско', 'Квентин Тарантино', 'Салли Менке', 'Анджей Секула', 'Лоуренс Бендер', 'Дэнни ДеВито', 'Ричард Н. Гладштейн', 'Майкл Шамберг', 'Артемий Веселов', 'Сергей Козик', 'Олег Алмазов', 'Наталия Тарыничева', 'Максим Сергеев', 'Квентин Тарантино', 'Роджер Эвери']"",""Несколько связанных историй из жизни бандитов. Шедевр Квентина Тарантино, который изменил мировое кино"",https://avatars.mds.yandex.net/get-kinopoisk-image/1900788/87b5659d-a159-4224-9bff-d5a5d109a53b/orig,https://www.youtube.com/embed/2fUuQsLcJVw,https://hd.kinopoisk.ru/?rt=45e8f29f25fe31a59be88301baa5caa1"
"American Psycho,Американский психопат,2000 ,movie,7.151,США,102.0,18.0,""['драма', 'криминал', 'триллер']"",""['Кристиан Бэйл', 'Уиллем Дефо', 'Джош Лукас', 'Риз Уизерспун', 'Кэра Сеймур', 'Джастин Теру', 'Джаред Лето', 'Хлоя Севиньи', 'Саманта Мэтис', 'Мэтт Росс', 'Джон Кейл', 'Эндрю М. Стерн', 'Айзис Массенден', 'Джинн Девелл', 'Мэри Хэррон', 'Эндрю Маркус', 'Анджей Секула', 'Кристиан Халсли Соломон', 'Крис Хэнли', 'Эдвард Р. Прессман', 'Эрни Барбараш', 'Мэри Хэррон', 'Гвиневер Тёрнер', 'Брет Истон Эллис']"",Страсть к совершенству превращает успешного брокера в жестокого убийцу. Культовый триллер с Кристианом Бэйлом,https://avatars.mds.yandex.net/get-kinopoisk-image/1599028/cd539991-3fae-4931-b7d7-1d9e54cbc969/orig,https://www.youtube.com/embed/5YnGhW4UEhc,https://24h.tv/contents/2000-american-psycho-875634658138457232"
"The Wolf of Wall Street,Волк с Уолл-стрит,2013 ,movie,7.993,США,180.0,18.0,""['драма', 'криминал', 'биография', 'комедия']"",""['Леонардо ДиКаприо', 'Джона Хилл', 'Марго Робби', 'Кайл Чандлер', 'Роб Райнер', 'П.Дж. Бирн', 'Джон Бернтал', 'Кристин Милиоти', 'Жан Дюжарден', 'Мэттью МакКонахи', 'Крис Шрайвер', None, 'Сэнди Пауэлл', 'Эллен Кристиансен', 'Мартин Скорсезе', 'Тельма Скунмейкер', 'Родриго Прието', 'Риза Азиз', 'Леонардо ДиКаприо', 'Мартин Скорсезе', 'Эмма Тиллинджер Коскофф', 'Сергей Бурунов', 'Диомид Виноградов', 'Татьяна Шитова', 'Вадим Медведев', 'Владимир Левашёв', 'Теренс Уинтер', 'Джордан Белфорт']"",Восхождение циника-гедониста на бизнес-олимп 1980-х. Блистательный тандем Леонардо ДиКаприо и Мартина Скорсезе,https://avatars.mds.yandex.net/get-kinopoisk-image/1946459/5c758ac0-7a5c-4f00-a94f-1be680a312fb/orig,https://www.youtube.com/embed/W8oTil54t1s,https://hd.kinopoisk.ru/?rt=4d05a2c799d34ac9bb644af70c8e5dc1"
"Blade Runner,Бегущий по лезвию,1982 ,movie,7.723,США,117.0,16.0,""['фантастика', 'драма', 'детектив', 'боевик']"",""['Харрисон Форд', 'Рутгер Хауэр', 'Шон Янг', 'Эдвард Джеймс Олмос', 'М. Эммет Уолш', 'Дэрил Ханна', 'Уильям Сэндерсон', 'Брайон Джеймс', 'Джо Тёркел', 'Джоанна Кэссиди', 'Вангелис', 'Дэвид Л. Снайдер', 'Майкл Каплан', 'Чарльз Ноуд', 'Линда ДеСенна', 'Лесли МакКарти-Франкенхаймер', 'Томас Л. Ройсден', 'Пег Каммингс', 'Ридли Скотт', 'Марша Накашима', 'Терри Роулингс', 'Джордан Кроненвет', 'Чарльз де Лозирика', 'Майкл Дили', 'Хэмптон Фанчер', 'Брайан Келли', 'Валерий Сторожик', 'Рудольф Панков', 'Леонид Белозорович', 'Наталья Казначеева', 'Елена Соловьева', 'Хэмптон Фанчер', 'Дэвид Уэбб Пиплз', 'Филип К. Дик']"",Детектив Декард преследует сбежавших андроидов. Культовый киберпанк Ридли Скотта о человеке и человечности ,https://st.kp.yandex.net/images/film_big/403.jpg,https://www.youtube.com/embed/2wB6PBphMiU,"
"Blade Runner 2049,Бегущий по лезвию 2049,2017 ,movie,7.78,США,164.0,18.0,""['фантастика', 'боевик', 'триллер', 'драма']"",""['Райан Гослинг', 'Харрисон Форд', 'Ана де Армас', 'Сильвия Хукс', 'Робин Райт', 'Маккензи Дэвис', 'Карла Юри', 'Ленни Джеймс', 'Дэйв Батиста', 'Джаред Лето', 'Бенджамин Уоллфиш', 'Ханс Циммер', 'Дэвид Доран', 'Бенце Эрдейи', 'Лидия Фрай', 'Пол Инглис', 'Тибор Лазар', 'Род МакЛин', 'Гергели Ригер', 'Стефан Спет', 'Рени Эйприл', None, 'Алессандра Керцола', 'Жужанна Шипош', 'Дени Вильнёв', 'Джо Уокер', 'Роджер Дикинс', 'Йель Бадик', 'Дэна Белкастро', 'Билл Карраро', 'Тим Гэмбл', 'Данил Щебланов', 'Владимир Антоник', 'Мария Иващенко', 'Рамиля Искандер', 'Любовь Германова', 'Майкл Грин', 'Хэмптон Фанчер', 'Филип К. Дик']"",""Полицейский ищет Рика Декарда, пропавшего 30 лет назад. Красивый сиквел культового сай-фая от Дени Вильнёва"",https://avatars.mds.yandex.net/get-kinopoisk-image/1898899/33dbf977-208f-448c-8726-d2fafdcced28/orig,https://www.youtube.com/embed/OK3Yw2FGvBw,https://www.ivi.ru/watch/138244?utm_source=yandex&utm_medium=wizard"
"A Clockwork Orange,Заводной апельсин,1971 ,movie,7.905,Великобритания,137.0,18.0,""['фантастика', 'криминал']"",""['Малкольм Макдауэлл', 'Патрик Мэги', 'Майкл Бейтс', 'Уоррен Кларк', 'Джон Клайв', 'Эдриенн Корри', 'Карл Дюринг', 'Пол Фэррел', 'Клайв Фрэнсис', 'Майкл Говер', 'Расселл Хэгг', 'Питер Шилдс', 'Милена Канонеро', 'Стэнли Кубрик', 'Билл Батлер', 'Джон Олкотт', 'Стэнли Кубрик', 'Сай Литвинофф', 'Макс Л. Рааб', 'Бернард Уильямс', 'Стэнли Кубрик', 'Энтони Бёрджесс']"",Власти пытаются перевоспитать подростка-психопата. Скандальная экранизация шедевра Энтони Бёрджесса,https://st.kp.yandex.net/images/film_big/391.jpg,https://www.youtube.com/embed/T54uZPI4Z8A,"
"Fear and Loathing in Las Vegas,Страх и ненависть в Лас-Вегасе,1998 ,movie,7.611,США,118.0,18.0,""['драма', 'комедия']"",""['Джонни Депп', 'Бенисио Дель Торо', 'Тоби Магуайр', 'Кристина Риччи', 'Майкл Джитер', 'Гэри Бьюзи', 'Эллен Баркин', 'Марк Хэрмон', 'Крэйг Бирко', 'Кэтрин Хелмонд', 'Рэй Купер', 'Крис Горак', 'Джули Уайсс', 'Нэнси Хэй', 'Терри Гиллиам', 'Лесли Уолкер', 'Никола Пекорини', 'Патрик Кассаветти', 'Лайла Набулси', 'Стефен Немет', 'Харольд Бронсон', 'Сергей Бурунов', 'Константин Карасик', 'Прохор Чеховской', 'Полина Щербакова', 'Александр Коврижных', 'Терри Гиллиам', 'Тони Гризони', 'Тод Дейвис', 'Алекс Кокс']"",Репортер и его адвокат погружаются в мир психоделии. Фантасмагория Терри Гиллиама по роману Хантера Томпсона,https://avatars.mds.yandex.net/get-kinopoisk-image/4303601/a0e960cd-0883-4b51-a6fe-709c166b41d8/orig,https://www.youtube.com/embed/QIj7bxWM7ak,https://www.ivi.ru/watch/98523?utm_source=yandex&utm_medium=wizard"
"The Godfather,Крестный отец,1972 ,movie,8.707,США,175.0,16.0,""['драма', 'криминал']"",""['Марлон Брандо', 'Аль Пачино', 'Джеймс Каан', 'Роберт Дювалл', 'Ричард С. Кастеллано', 'Дайан Китон', 'Талия Шайр', 'Джон Казале', 'Аль Леттьери', 'Стерлинг Хейден', 'Нино Рота', 'Уоррен Клаймер', 'Анна Хилл Джонстоун', 'Ричард Ади', 'Филип Смит', 'Фрэнсис Форд Коппола', 'Уильям Рейнольдс', 'Питер Зиннер', 'Гордон Уиллис', 'Грэй Фредериксон', 'Альберт С. Радди', 'Александр Новиков', 'Владимир Еремин', 'Пётр Иващенко', 'Василий Дахненко', 'Константин Карасик', 'Фрэнсис Форд Коппола', 'Марио Пьюзо']"",В семье крупного нью-йоркского мафиози наметился кризис. Революция в гангстерском кино и начало большого эпоса,https://avatars.mds.yandex.net/get-kinopoisk-image/1599028/c11652e8-653b-47c1-8e72-1552399a775b/orig,https://www.youtube.com/embed/xG0zqJd-XyY,https://24h.tv/contents/1972-the-godfather-546399635539755664"
"Taxi Driver,Таксист,1976 ,movie,7.767,США,114.0,18.0,""['триллер', 'драма', 'криминал']"",""['Роберт Де Ниро', 'Сибилл Шепард', 'Джоди Фостер', 'Харви Кейтель', 'Питер Бойл', 'Леонард Харрис', 'Альберт Брукс', 'Мартин Скорсезе', 'Гарт Эйвери', 'Ричард Хиггс', 'Бернард Херрманн', 'Чарльз Розен', 'Рут Морли', 'Херберт Ф. Маллиган', 'Мартин Скорсезе', 'Том Рольф', 'Мелвин Шапиро', 'Майкл Чэпмен', 'Филлип М. Голдфарб', 'Джулия Филлипс', 'Майкл Филлипс', 'Дмитрий Поляновский', 'Татьяна Абрамова', 'Юлия Горохова', 'Андрей Вальц', 'Антон Савенков', 'Пол Шредер']"",Ветеран войны вязнет в пучине одиночества. Абсолютный шедевр Мартина Скорсезе с незабываемым Робертом Де Ниро,https://avatars.mds.yandex.net/get-kinopoisk-image/4716873/e2d3a565-39a6-4bce-8ade-7033072d9039/orig,https://www.youtube.com/embed/S7ORyD-e7-0,https://www.ivi.ru/watch/83320?utm_source=yandex&utm_medium=wizard"
"Scarface,Лицо со шрамом,1983 ,movie,8.171,США,170.0,18.0,""['драма', 'криминал', 'боевик']"",""['Аль Пачино', 'Стивен Бауэр', 'Мишель Пфайффер', 'Мэри Элизабет Мастрантонио', 'Роберт Лоджа', 'Мириам Колон', 'Ф. Мюррэй Абрахам', 'Пол Шенар', 'Харрис Юлин', 'Анхель Саласар', 'Джорджо Мородер', 'Эдвард Ричардсон', 'Патриша Норрис', 'Брюс Вайнтрауб', 'Брайан Де Пальма', 'Джералд Б. Гринберг', 'Дэвид Рэй', 'Джон А. Алонсо', 'Мартин Брегман', 'Питер Сэфир', 'Луис А. Строллер', 'Андрей Вальц', 'Сергей Анненков', 'Варвара Чабан', 'Юлия Горохова', 'Геннадий Новиков', 'Оливер Стоун', 'Армитэдж Трэйл', 'Бен Хект', 'Ховард Хоукс']"",Кубинский иммигрант становится главой наркомафии в Майами 1980-х. Жесткая драма с выдающейся ролью Аль Пачино,https://avatars.mds.yandex.net/get-kinopoisk-image/1599028/1303d9e8-8fdb-4290-a42f-0491a2910a83/orig,https://www.youtube.com/embed/D64n6DIkPzw,https://okko.tv/movie/scarface?utm_medium=referral&utm_source=yandex_search&utm_campaign=new_search_feed"
"Брат,Брат,1997 ,movie,8.305,Россия,100.0,18.0,""['драма', 'криминал', 'боевик']"",""['Сергей Бодров мл.', 'Виктор Сухоруков', 'Светлана Письмиченко', 'Мария Милютина', 'Юрий Кузнецов', 'Сергей Мурзин', 'Ирина Ракшина', 'Анатолий Журавлев', 'Андрей Федорцов', 'Андрей Краско', 'Вячеслав Бутусов', 'Надежда Васильева', 'Алексей Балабанов', 'Марина Липартия', 'Сергей Астахов', 'Сергей Сельянов', 'Алексей Полуян', 'Александр Строев', 'Валерий Кухарешин', 'Сергей Русскин', 'Виктор Бычков', 'Алексей Балабанов']"",""Дембель Данила Багров защищает слабых в Петербурге 1990-х. Фильм, сделавший Сергея Бодрова народным героем"",https://avatars.mds.yandex.net/get-kinopoisk-image/1704946/e9008e2f-433f-43b0-b9b8-2ea8e3fb6c9b/orig,https://www.youtube.com/embed/cD2MCd7grm4,https://hd.kinopoisk.ru/?rt=492c446642bf8dc88f0abcb9a4b02f7f"
"Брат 2,Брат 2,2000 ,movie,8.194,Россия,127.0,18.0,""['боевик', 'криминал']"",""['Сергей Бодров мл.', 'Виктор Сухоруков', 'Сергей Маковецкий', 'Ирина Салтыкова', 'Кирилл Пирогов', 'Александр Дьяченко', 'Дарья Юргенс', 'Александр Наумов', 'Александр Карамнов', 'Гэри Хьюстон', 'Вячеслав Бутусов', 'Деба Грэй', 'Джуди Кропш', 'Лаура Дарнер', 'Надежда Васильева', 'Алексей Балабанов', 'Марина Липартия', 'Сергей Астахов', 'Валери Гобо', 'Сергей Сельянов', 'Тимоти Е. Сабо', 'Тобин Обер', 'Алексей Полуян', 'Наталья Данилова', 'Роман Агеев', 'Юрий Стоянов', 'Нина Усатова', 'Алексей Балабанов']"",""Американцы знакомятся с Данилой Багровым и узнают, в чем сила. Сиквел о герое времени с мощным рок-саундтреком"",https://avatars.mds.yandex.net/get-kinopoisk-image/1704946/80eab631-346c-4c29-b14d-1fa1438158f9/orig,https://www.youtube.com/embed/GPffK9Ap71E,https://hd.kinopoisk.ru/?rt=4e2111b36611a21e87e293af0b7e7ee1"
"Nightcrawler,Стрингер,2013 ,movie,7.363,США,118.0,18.0,""['триллер', 'драма', 'криминал']"",""['Джейк Джилленхол', 'Рене Руссо', 'Риз Ахмед', 'Билл Пэкстон', 'Майкл Пападжон', 'Марко Родригес', 'Джеймс Хуанг', 'Кент Шокнек', 'Пэт Харви', 'Шэрон Тэй', 'Джеймс Ньютон Ховард', 'Наман Маршалл', 'Эми Весткотт', 'Мэг Эверист', 'Дэн Гилрой', 'Джон Гилрой', 'Роберт Элсвит', 'Дженнифер Фокс', 'Тони Гилрой', 'Джейк Джилленхол', 'Дэвид Ланкастер', 'Дэн Гилрой']"",Одержимому шок-новостями репортеру-социопату мораль — не помеха. Яркая роль Джейка Джилленхола,https://avatars.mds.yandex.net/get-kinopoisk-image/1777765/f27881ed-69cc-4a71-9427-46fe1e323d63/orig,https://www.youtube.com/embed/7uaYhPpV7G4,https://hd.kinopoisk.ru/?rt=4a3debea2a0c96f9b73b6af36e68a93b"
"Memento,Мементо,2000 ,movie,7.879,США,113.0,18.0,""['триллер', 'детектив', 'драма', 'криминал']"",""['Гай Пирс', 'Кэрри-Энн Мосс', 'Джо Пантольяно', 'Марк Бун мл.', 'Расс Фега', 'Джоржа Фокс', 'Стивен Тоболовски', 'Харриет Сэнсом Харрис', 'Томас Леннон', 'Каллум Кит Ренни', 'Дэвид Джульян', 'Синди Эванс', 'Даниэль Берман', 'Кристофер Нолан', 'Доди Дорн', 'Уолли Пфистер', 'Дженнифер Тодд', 'Сюзанн Тодд', 'Кристофер Болл', 'Илэйн Дусингер', 'Леонид Белозорович', 'Любовь Германова', 'Вадим Андреев', 'Рудольф Панков', 'Дмитрий Матвеев', 'Кристофер Нолан', 'Джонатан Нолан']"",""Леонард ищет убийцу жены, но ему мешает амнезия. Виртуозный триллер, сделавший Кристофера Нолана суперзвездой"",https://avatars.mds.yandex.net/get-kinopoisk-image/6201401/3fabdd0d-9b34-4cbf-a3b0-eb8448ccc122/orig,https://www.youtube.com/embed/4HB3_Xbs-B8,https://hd.kinopoisk.ru/?rt=4a345ea5184cf90eb2a56f05b465e217"
"Papillon,Мотылёк,2017 ,movie,7.519,США,133.0,18.0,""['драма', 'криминал', 'приключения', 'биография']"",""['Чарли Ханнэм', 'Рами Малек', 'Роланд Мёллер', 'Йоэль Басман', 'Йорик ван Вагенинген', 'Майкл Соча', 'Кристофер Фэйрбэнк', 'Ив Хьюсон', 'Томми Флэнаган', 'Николас Асбари', 'Дэвид Бакли', 'Том Фролинг', 'Наташа Герасимова', 'Ненад Пекур', 'Бояна Никитович', 'Дженнифер М. Джентиле', 'Михаэль Ноер', 'Джон Экселрэд', 'Ли Хаген', 'Хаген Богданский', 'Рэм Бергман', 'Теренс Чан', 'Роджер Корби', 'Дэнни Димборт', 'Михаил Данилюк', 'Александр Гаврилин', 'Михаил Тишин', 'Дмитрий Гаврилов', 'Олег Лепенец', 'Аарон Гузиковский', 'Далтон Трамбо', 'Лоренцо Семпл мл.', 'Анри Шарьер']"",""Арестант ловко бежит из тюрьмы. Экранизация мемуаров Анри Шарьера, который не раз упархивал на свободу"",https://avatars.mds.yandex.net/get-kinopoisk-image/1600647/8e08470b-0241-47f4-9ee6-32406da24df5/orig,https://www.youtube.com/embed/B7H76JMCcHs,https://wink.ru/media_items/74709175?utm_source=yandex&utm_medium=koldunschick&utm_content=name"
"Snatch,Большой куш,2000 ,movie,8.551,Великобритания,104.0,18.0,""['криминал', 'комедия', 'боевик']"",""['Джейсон Стэйтем', 'Стивен Грэм', 'Брэд Питт', 'Алан Форд', 'Робби Ги', 'Ленни Джеймс', 'Эд', 'Деннис Фарина', 'Раде Шербеджия', 'Винни Джонс', 'Джон Мерфи', 'Джули Филпотт', 'Верити Хоукс', 'Линда Уилсон', 'Гай Ричи', 'Джон Харрис', 'Тим Морис-Джонс', 'Мэттью Вон', 'Майкл Дрейер', 'Стефен Маркс', 'Питер Мортон', 'Илья Крутояров', 'Алексей Филимончев', 'Александр Матвеев', 'Валерий Сторожик', 'Михаил Кшиштовский', 'Гай Ричи']"",""На охоту за крупным алмазом выходят цыгане, евреи и местные головорезы. Криминальная Англия глазами Гая Ричи"",https://avatars.mds.yandex.net/get-kinopoisk-image/4303601/47fe48f6-ff17-4411-a12f-d337bea2639d/orig,https://www.youtube.com/embed/AMZH867eWS4,https://hd.kinopoisk.ru/?rt=47cf35a5d38ad7b5aaf5e51fbb1e7867"
"The Irishman,Ирландец,2019 ,movie,7.407,США,209.0,,""['криминал', 'драма', 'биография']"",""['Роберт Де Ниро', 'Аль Пачино', 'Джо Пеши', 'Рэй Романо', 'Бобби Каннавале', 'Анна Пэкуин', 'Стивен Грэм', 'Стефани Курцуба', 'Джесси Племонс', 'Кэтрин Нардуччи', 'Робби Робертсон', 'Лора Боллинджер', 'Дж. Марк Хэррингтон', 'Даг Хусти', 'Кристофер Петерсон', 'Сэнди Пауэлл', 'Реджина Грейвз', 'Мартин Скорсезе', 'Тельма Скунмейкер', 'Родриго Прието', 'Ричард Баратта', 'Марианн Бауэр', 'Джералд Чамалс', 'Роберт Де Ниро', 'Владимир Антоник', 'Владимир Еремин', 'Пётр Тобилевич', 'Андрей Казанцев', 'Александр Воронов', 'Стивен Зеллиан', 'Чарльз Брандт']"",,https://avatars.mds.yandex.net/get-kinopoisk-image/1900788/bdeaa0c2-fe6a-4007-a47b-1d9f9d9547d3/orig,https://www.youtube.com/embed/rZi3rvGv9ek,"
"Inception,Начало,2010 ,movie,8.663,США,148.0,12.0,""['фантастика', 'боевик', 'триллер', 'драма', 'детектив']"",""['Леонардо ДиКаприо', 'Джозеф Гордон-Левитт', 'Эллиот Пейдж', 'Том Харди', 'Кэн Ватанабэ', 'Дилип Рао', 'Киллиан Мерфи', 'Том Беренджер', 'Марион Котийяр', 'Пит Постлетуэйт', 'Ханс Циммер', 'Люк Фриборн', 'Мэттью Грэй', 'Брэд Рикер', 'Дин Уолкотт', 'Джеффри Кёрланд', 'Ларри Диас', 'Дуглас А. Моуат', 'Кристофер Нолан', 'Ли Смит', 'Уолли Пфистер', 'Кристофер Нолан', 'Эмма Томас', 'Закария Алауи', 'Джон Бернард', 'Сергей Бурунов', 'Илья Бледный', 'Мария Иващенко', 'Василий Дахненко', 'Алексей Рязанцев', 'Кристофер Нолан']"",Профессиональные воры внедряются в сон наследника огромной империи. Фантастический боевик Кристофера Нолана,https://st.kp.yandex.net/images/film_big/447301.jpg,https://www.youtube.com/embed/RlKr_lO45Nc,"
"Леон,Леон,1994 ,movie,8.668,Франция,133.0,16.0,""['боевик', 'триллер', 'драма', 'криминал']"",""['Жан Рено', 'Натали Портман', 'Гари Олдман', 'Дэнни Айелло', 'Питер Эппел', 'Уилли Уан Блад', 'Дон Крич', 'Кит А. Гласко', 'Рэндольф Скотт', 'Майкл Бадалукко', 'Эрик Серра', 'Жерар Дролон', 'Магали Гвидаси', 'Франсуаз Бенуа-Фреско', 'Люк Бессон', 'Сильви Ландра', 'Тьерри Арбогаст', 'Клод Бессон', 'Джон Гарлэнд', 'Бернард Гренет', 'Люк Бессон']"",,https://st.kp.yandex.net/images/film_big/389.jpg,https://www.youtube.com/embed/hvya_q8KM80,"
"Se7en,Семь,1995 ,movie,8.294,США,127.0,18.0,""['триллер', 'драма', 'криминал', 'детектив']"",""['Брэд Питт', 'Морган Фриман', 'Гвинет Пэлтроу', 'Кевин Спейси', 'Р. Ли Эрми', 'Джон К. Макгинли', 'Ричард Шифф', 'Ричард Раундтри', 'Марк Бун мл.', 'Рег Ю. Кэти', 'Говард Шор', 'Гари Уисснер', 'Майкл Каплан', 'Клэй А. Гриффит', 'Дэвид Финчер', 'Ричард Фрэнсис-Брюс', 'Дариус Хонджи', 'Стивен Браун', 'Филлис Карлайл', 'Уильям С. Геррити', 'Нана Гриволд', 'Александр Матвеев', 'Алексей Войтюк', 'Татьяна Абрамова', 'Иван Калинин', 'Александр Носков', 'Эндрю Кевин Уокер']"",""Детективы ищут маньяка, убивающего грешников. Выдающийся триллер Дэвида Финчера, ставший классикой жанра"",https://st.kp.yandex.net/images/film_big/377.jpg,https://www.youtube.com/embed/SpKbZ_3zlb0,"
"Joker,Джокер,2019 ,movie,7.98,США,122.0,18.0,""['драма', 'криминал', 'триллер']"",""['Хоакин Феникс', 'Роберт Де Ниро', 'Зази Битц', 'Фрэнсис Конрой', 'Бретт Каллен', 'Шей Уигэм', 'Билл Кэмп', 'Гленн Флешлер', 'Ли Гилл', 'Джош Пейс', 'Хильдур Гуднадоуттир', 'Лора Боллинджер', 'Марк Бриджес', 'Крис Моран', 'Тодд Филлипс', 'Джефф Грот', 'Лоуренс Шер', 'Ричард Баратта', 'Брюс Берман', 'Джейсон Клот', 'Брэдли Купер', 'Андрей Вальц', 'Александр Клюквин', 'Вероника Саркисова', 'Ольга Сирина', 'Олег Куценко', 'Тодд Филлипс', 'Скотт Сильвер', 'Боб Кейн', 'Билл Фингер']"",Как неудачливый комик стал самым опасным человеком в Готэме. Бенефис Хоакина Феникса и «Оскар» за саундтрек,https://avatars.mds.yandex.net/get-kinopoisk-image/1946459/84934543-5991-4c93-97eb-beb6186a3ad7/orig,https://www.youtube.com/embed/VyhNf4tsyzY,"
"The Matrix,Матрица,1999 ,movie,8.497,США,136.0,16.0,""['фантастика', 'боевик']"",""['Киану Ривз', 'Лоренс Фишбёрн', 'Кэрри-Энн Мосс', 'Хьюго Уивинг', 'Глория Фостер', 'Джо Пантольяно', 'Маркус Чонг', 'Джулиан Араханга', 'Мэтт Доран', 'Белинда МакКлори', 'Дон Дэвис', 'Хью Бэйтап', 'Мишель МакГэхи', 'Ким Барретт', 'Лиза Бреннан', 'Тим Феррье', 'Марта МакЭлрой', 'Лана Вачовски', 'Лилли Вачовски', 'Зак Стэнберг', 'Билл Поуп', 'Джоэл Силвер', 'Брюс Берман', 'Дэн Краччиоло', 'Кэрол Хьюз', 'Всеволод Кузнецов', 'Владимир Вихров', 'Елена Соловьева', 'Владимир Антоник', 'Светлана Старикова', 'Лилли Вачовски', 'Лана Вачовски']"",""Хакер Нео узнает, что его мир — виртуальный. Выдающийся экшен, доказавший, что зрелищное кино может быть умным"",https://st.kp.yandex.net/images/film_big/301.jpg,https://www.youtube.com/embed/YihPA42fdQ8,"
"Split,,2016 ,movie,0.0,США,127.0,,""['фэнтези', 'драма']"",""['Эми Фергюсон', 'Морган Спектор', 'Анна Муглалис', 'Фредрик Лене', None, 'Антония Кэмпбелл-Хьюз', 'Джоан Макинтош', 'Дженнифер Онви', None, 'Джонни Хопкинс', 'Рутаня Олда', None, None, 'Ричард Элдис', None, 'Нгоци Джейн Анянву', 'Ив Остин', 'Брук Экстелл', 'Каприс Бенедетти', 'Майкл Беррессе', 'Сахар Бибиян', 'Люси Кэмпбелл', 'Филлипп Куке', 'Даг Дракер', 'Рэйчел Паттен', 'Кана Хатакэяма', 'Захари Эрнандес', None, 'Мириам А. Химэн', 'Мими Джеффресон', 'Латифа Джонсон', 'Селин Джастис', 'Том Кемнитц мл.', None, 'Дженнифер Линн Тьюн', 'Микаэла Мартин', 'Дезри Мэтьюз', None, 'Дипти Мета', 'Лорен Молина', None, None, 'Хе Юн Пак', None, 'Кит Перри', None, 'Джен Понтон', 'Йолонда Росс', None, 'Норико Сато', 'Нэнси Шварцман', None, None, 'Полин Шерроу', None, 'Сара Стрит', 'Анна Судзуки', 'Алок Тевари', 'Дженнифер Цай', 'Кэтлин Уайз', 'Николас Уаймэн', None, 'Микеланджело Сосновиц', 'Элуиз Кэзан', 'Том Сопер', 'Элуиз Кэзан', None, 'Дебора Кампмейер', 'Сиобэн Данн', 'Элисон Келли', None, 'Трой Йохансон', 'Дебора Кампмейер', None, 'Дебора Кампмейер']"",,https://st.kp.yandex.net/images/film_big/807368.jpg,https://www.youtube.com/embed/qAUjgF4Nlgo,"
"Goodfellas,Славные парни,1990 ,movie,8.123,США,140.0,18.0,""['драма', 'криминал', 'биография']"",""['Роберт Де Ниро', 'Рэй Лиотта', 'Джо Пеши', 'Лоррейн Бракко', 'Пол Сорвино', 'Фрэнк Сиверо', 'Тони Дарроу', 'Майк Старр', 'Фрэнк Винсент', 'Чак Лоу', 'Мехер Ахмад', 'Ричард Бруно', 'Лесли Блум', 'Мартин Скорсезе', 'Джеймс Й. Куэй', 'Тельма Скунмейкер', 'Михаэль Балльхаус', 'Ирвин Уинклер', 'Барбара Де Фина', 'Брюс С. Пастин', 'Всеволод Кузнецов', 'Борис Быстров', 'Валерий Сторожик', 'Егор Грамматиков', 'Вячеслав Баранов', 'Мартин Скорсезе', 'Николас Пиледжи']"",Путь к власти легендарного мафиози Генри Хилла. Гангстерская классика Мартина Скорсезе с Робертом Де Ниро,https://st.kp.yandex.net/images/film_big/350.jpg,https://www.youtube.com/embed/wJKsgjY1qyo,"
"The Silence of the Lambs,Молчание ягнят,1990 ,movie,8.335,США,118.0,18.0,""['триллер', 'детектив', 'криминал', 'драма', 'ужасы']"",""['Джоди Фостер', 'Энтони Хопкинс', 'Брук Смит', 'Скотт Гленн', 'Тед Левайн', 'Энтони Хилд', 'Кейси Леммонс', 'Дайан Бэйкер', 'Чарльз Нэпьер', 'Роджер Корман', 'Говард Шор', 'Тим Галвин', 'Коллин Этвуд', 'Карен О’Хара', 'Джонатан Демме', 'Крэйг МакКэй', 'Так Фудзимото', 'Рональд М. Бозман', 'Грэйс Блейк', 'Гари Гетцман', 'Эдвард Саксон', 'Наталья Казначеева', 'Игорь Тарадайкин', 'Ольга Шорохова', 'Александр Котов', 'Андрей Симанов', 'Тед Тэлли', 'Томас Харрис']"",Интеллектуал-людоед помогает молодой сотруднице ФБР. Веха в жанре триллера — и гениальная игра Энтони Хопкинса,https://avatars.mds.yandex.net/get-kinopoisk-image/6201401/9c655ce1-2b59-4941-97aa-f9e928ed0ff4/orig,https://www.youtube.com/embed/_2uhl0sSfKA,https://24h.tv/contents/1990-the-silence-of-the-lambs-546313913025692523"
"Uncut Gems,Неогранённые алмазы,2019 ,movie,7.163,США,135.0,18.0,""['триллер', 'драма', 'криминал']"",""['Адам Сэндлер', 'Джулия Фокс', 'Идина Мензел', 'Лакит Стэнфилд', 'Кевин Гарнетт', 'Эрик Богосян', 'Кит Уильямс Ричардс', 'Джадд Хёрш', 'Майк Франчеза', 'Ноа Фишер', 'Дэниэл Лопатин', 'Эрик Дин', 'Рокио Хименес', 'Мияко Беллицци', None, 'Кендалл Андерсон', 'Бенни Сэфди', 'Джош Сэфди', 'Рональд Бронштейн', 'Бенни Сэфди', 'Дариус Хонджи', 'Майкл Бартол', 'Себастьян Бир-Макклард', 'Оскар Бойсон', 'Эли Буш', 'Пётр Иващенко', 'Варвара Чабан', 'Татьяна Шитова', 'Иван Калинин', 'Сергей Чихачёв', 'Рональд Бронштейн', 'Джош Сэфди', 'Бенни Сэфди']"",,https://avatars.mds.yandex.net/get-kinopoisk-image/1629390/a6939eec-df80-4dc9-b990-03f3466b8cd3/orig,https://www.youtube.com/embed/rphsekn_qjQ,"
"Interstellar,Интерстеллар,2014 ,movie,8.622,США,169.0,16.0,""['фантастика', 'драма', 'приключения']"",""['Мэттью МакКонахи', 'Энн Хэтэуэй', 'Джессика Честейн', 'Маккензи Фой', 'Майкл Кейн', 'Дэвид Джеси', 'Уэс Бентли', 'Кейси Аффлек', 'Джон Литгоу', 'Мэтт Дэймон', 'Ханс Циммер', 'Кенделл Эллиотт', 'Эггерт Кетилссон', 'Дэвид Ф. Классен', 'Джош Ласби', None, 'Эрик Сандаль', 'Дин Уолкотт', 'Мэри Зофрис', 'Гари Феттис', None, 'Кристофер Нолан', 'Ли Смит', 'Хойте Ван Хойтема', 'Кристофер Нолан', 'Линда Обст', 'Эмма Томас', 'Каари Отри', 'Василий Дахненко', 'Марьяна Спивак', 'Наталья Грачёва', 'Анна Драгилева', 'Борис Быстров', 'Джонатан Нолан', 'Кристофер Нолан']"",""Фантастический эпос про задыхающуюся Землю, космические полеты и парадоксы времени. «Оскар» за спецэффекты"",https://st.kp.yandex.net/images/film_big/258687.jpg,https://www.youtube.com/embed/qcPfI0y7wRU,"
"Reservoir Dogs,Бешеные псы,1991 ,movie,8.115,США,100.0,18.0,""['криминал', 'драма', 'триллер']"",""['Харви Кейтель', 'Тим Рот', 'Майкл Мэдсен', 'Крис Пенн', 'Стив Бушеми', 'Лоуренс Тирни', 'Рэнди Брукс', 'Кирк Балц', 'Эдвард Банкер', 'Квентин Тарантино', 'Бетси Хайман', 'Сэнди Рейнольдс-Уоско', 'Квентин Тарантино', 'Салли Менке', 'Анджей Секула', 'Лоуренс Бендер', 'Ричард Н. Гладштейн', 'Монте Хеллман', 'Харви Кейтель', 'Михаил Глушковский', 'Глеб Петров', 'Сергей Пономарёв', 'Михаил Данилюк', 'Пётр Коврижных', 'Квентин Тарантино', 'Роджер Эвери']"",""Гангстеры артистично спорят о том, кто их кинул. Кровожадный и веселый дебют Квентина Тарантино"",https://avatars.mds.yandex.net/get-kinopoisk-image/1946459/b1add366-9e49-4ad8-905a-46ca23da8adc/orig,https://www.youtube.com/embed/UgSjnoimSak,https://www.ivi.ru/watch/59486?utm_source=yandex&utm_medium=wizard"
"From Dusk Till Dawn,От заката до рассвета,1995 ,movie,7.797,США,108.0,18.0,""['криминал', 'ужасы', 'боевик', 'комедия']"",""['Джордж Клуни', 'Квентин Тарантино', 'Харви Кейтель', 'Джульетт Льюис', 'Эрнест Лю', 'Сальма Хайек', 'Чич Марин', 'Дэнни Трехо', 'Том Савини', 'Фред Уильямсон', 'Грэм Ревелл', 'Мэйн Берк', 'Грасьела Масон', 'Фелипе Фернандес дель Пасо', 'Роберт Родригес', 'Роберт Родригес', 'Гильермо Наварро', 'Джанни Нуннари', 'Мейр Тепер', 'Элизабет Авеллан', 'Лоуренс Бендер', 'Даниил Эльдаров', 'Михаил Тихонов', 'Никита Прозоровский', 'Таисия Тришина', 'Глеб Петров', 'Квентин Тарантино', 'Роберт Куртцман']"",Бар вампиров работает до последнего живого гостя. Квентин Тарантино написал сценарий и сыграл одну из ролей,https://avatars.mds.yandex.net/get-kinopoisk-image/1946459/c03192d4-ff64-4c2a-a244-8fe6551dd68c/orig,https://www.youtube.com/embed/M0RGile69e0,https://hd.kinopoisk.ru/?rt=49040eca1873b040ae18e2319845c143"
"The Gentlemen,Джентльмены,2019 ,movie,8.562,США,113.0,18.0,""['криминал', 'комедия', 'боевик']"",""['Мэттью МакКонахи', 'Чарли Ханнэм', 'Генри Голдинг', 'Хью Грант', 'Мишель Докери', 'Джереми Стронг', 'Эдди Марсан', 'Джейсон Вонг', 'Колин Фаррелл', 'Лин Рене', 'Кристофер Бенстед', 'Рэйчел Олтон', 'Оливер Кэрролл', 'Фиона Гэвин', 'Майкл Уилкинсон', 'Нил Флойд', 'Сара Уиттл', 'Гай Ричи', 'Джеймс Херберт', 'Пол Мачлисс', 'Алан Стюарт', 'Мэттью Андерсон', 'Айван Эткинсон', 'Билл Блок', 'Адам Фогельсон', 'Василий Дахненко', 'Сергей Смирнов', 'Филипп Бледный', 'Алексей Иващенко', 'Татьяна Шитова', 'Гай Ричи', 'Айван Эткинсон', 'Марн Дэвис', 'Лорен Бонд']"",""Наркобарон хочет уйти на покой, но криминальный мир не отпускает. Успешное возвращение Гая Ричи к корням"",https://avatars.mds.yandex.net/get-kinopoisk-image/1599028/637271d5-61b4-4e46-ac83-6d07494c7645/orig,https://www.youtube.com/embed/e-aiHVdRlJg,https://hd.kinopoisk.ru/?rt=47649cf90de74aca8da7eb5b17fc8a8a"
"12 Angry Men,12 разгневанных мужчин,1956 ,movie,8.52,США,96.0,16.0,""['драма', 'детектив', 'криминал']"",""['Генри Фонда', 'Мартин Болсам', 'Ли Дж. Кобб', 'Джозеф Суини', 'Эд Бегли', 'Джордж Восковек', 'Джон Фидлер', 'Э. Г. Маршалл', 'Джек Клагмен', 'Эд Биннс', 'Кенион Хопкинс', 'Роберт Маркел', 'Сидни Люмет', 'Карл Лернер', 'Борис Кауфман', 'Генри Фонда', 'Реджинальд Роуз', 'Джордж Джастин', 'Борис Кордунов', 'Олег Голубицкий', 'Михаил Погоржельский', 'Георгий Вицин', 'Яков Беленький', 'Реджинальд Роуз']"",,https://avatars.mds.yandex.net/get-kinopoisk-image/1898899/db273efe-5f61-481a-9e42-ad0aff776c1f/orig,https://www.youtube.com/embed/ep79bR4PnP0,https://okko.tv/movie/12-angry-men?utm_medium=referral&utm_source=yandex_search&utm_campaign=new_search_feed"
"Rick and Morty,Рик и Морти,2013 ,animated-series,8.971,США,,18.0,""['мультфильм', 'комедия', 'фантастика', 'приключения']"",""['Джастин Ройланд', 'Крис Парнелл', 'Спенсер Грэммер', 'Сара Чок', 'Кари Уолгрен', 'Морис ЛаМарш', 'Дэн Хармон', 'Том Кенни', 'Брэндон Джонсон', 'Нолан Норт', 'Райан Элдер', 'Джейсон Несмит', 'Джеймс МакДермотт', 'Джеффри Томпсон', None, 'Уэсли Арчер', 'Пит Мишелс', None, 'Джейкоб Хэйр', 'Ли Хартинг', None, 'Кен Маккензи', None, 'Олли Грин', 'Дэн Хармон', 'Джастин Ройланд', 'Кит Кроффорд', 'Дэн Хармон', 'Джастин Ройланд', 'Том Кауффман', 'Эрик Акоста']"",Гениальный ученый втягивает внука в безумные авантюры. Выдающийся анимационный сериал Дэна Хармона,https://avatars.mds.yandex.net/get-kinopoisk-image/4303601/03b417ff-d544-4f0b-a1fb-af09a2167a60/orig,https://www.youtube.com/embed/IP04KNGiZmw,https://hd.kinopoisk.ru/?rt=46c5df252dc1a790b82d1a00fcf44812"
"The Grand Budapest Hotel,Отель «Гранд Будапешт»,2014 ,movie,7.937,США,100.0,16.0,""['комедия', 'приключения', 'детектив', 'криминал']"",""['Рэйф Файнс', 'Тони Револори', 'Сирша Ронан', 'Эдриан Броуди', 'Уиллем Дефо', 'Эдвард Нортон', 'Матьё Амальрик', 'Харви Кейтель', 'Ф. Мюррэй Абрахам', 'Тильда Суинтон', 'Александр Деспла', 'Санаа Аль-Хабиб', 'Штефан О. Гесслер', 'Джералд Салливан', 'Стив Саммерсгилл', 'Милена Канонеро', 'Анна Пиннок', 'Уэс Андерсон', 'Барни Пиллинг', 'Роберт Д. Йоумен', 'Уэс Андерсон', 'Джереми Доусон', 'Стивен Рейлс', 'Скотт Рудин', 'Виктор Вержбицкий', 'Евгений Березкин', 'Ирина Обрезкова', 'Дмитрий Стрелков', 'Станислав Концевич', 'Стефан Цвейг', 'Уэс Андерсон', 'Хьюго Гиннесс']"",""Старший консьерж втягивает юного подопечного в опасную историю. Любовь, убийство и погони под игру балалаек"",https://avatars.mds.yandex.net/get-kinopoisk-image/1629390/ea08a062-81a9-46e9-a475-e49388216eea/orig,https://www.youtube.com/embed/G1jG8HUY4zI,https://24h.tv/contents/2014-the-grand-budapest-hotel-555076166663274714"
"Intouchables,1+1,2011 ,movie,8.815,Франция,112.0,18.0,""['драма', 'комедия', 'биография']"",""['Франсуа Клюзе', 'Омар Си', 'Анн Ле Ни', 'Одри Флёро', 'Жозефин де Мо', 'Клотильд Молле', 'Альба Гайя Крагеде Беллуджи', 'Сирил Менди', 'Салимата Камате', 'Абса Дьяту Тур', 'Людовико Эйнауди', 'Матьё Вадпьед', 'Изабель Паннетье', 'Оливия Блох-Лене', 'Оливье Накаш', 'Эрик Толедано', 'Дориан Ригаль-Ансу', 'Матьё Вадпьед', 'Арно Бертран', 'Доминик Бутонна', 'Юбер Кайлар', 'Николя Дюваль-Адассовски', 'Владимир Зайцев', 'Илья Исаев', 'Елена Соловьева', 'Рамиля Искандер', 'Лина Иванова', 'Оливье Накаш', 'Эрик Толедано', 'Филипп Поццо ди Борго']"",Аристократ на коляске нанимает в сиделки бывшего заключенного. Искрометная французская комедия с Омаром Си,https://avatars.mds.yandex.net/get-kinopoisk-image/1946459/bf93b465-1189-4155-9dd1-cb9fb5cb1bb5/orig,https://www.youtube.com/embed/0RqDiYnFxTk,https://hd.kinopoisk.ru/?rt=4127663ed234fa8584aeb969ceb02cd8"
"Жмурки,Жмурки,2005 ,movie,7.224,Россия,111.0,18.0,""['комедия', 'криминал']"",""['Алексей Панин', 'Дмитрий Дюжев', 'Никита Михалков', 'Сергей Маковецкий', 'Виктор Сухоруков', 'Григорий Сиятвинда', 'Анатолий Журавлев', 'Гарик Сукачев', 'Алексей Серебряков', 'Андрей Панин', 'Вячеслав Бутусов', 'Татьяна Патрахальцева', 'Константин Пахотин', 'Алексей Балабанов', 'Татьяна Кузьмичева', 'Евгений Привин', 'Сергей Долгошеин', 'Сергей Сельянов', 'Юрий Гальцев', 'Алексей Панин', 'Алексей Балабанов', 'Стас Мохначев']"",""Бандиты, черный юмор и много крови. Алексей Балабанов примеряет стиль Квентина Тарантино на Россию 1990-х"",https://avatars.mds.yandex.net/get-kinopoisk-image/6201401/3aa869c1-2f77-4f8c-a614-b13f80cca687/orig,https://www.youtube.com/embed/YNQAE14f_Fg,https://hd.kinopoisk.ru/?rt=4ccbc7ac051d733ba196813999198b58"
"Good Time,Хорошее время,2017 ,movie,6.896,США,102.0,18.0,""['триллер', 'драма', 'криминал']"",""['Роберт Паттинсон', 'Бенни Сэфди', None, 'Талия Уэбстер', 'Дженнифер Джейсон Ли', 'Баркхад Абди', 'Рон Браунштейн', 'Питер Верби', 'Саида Мансур', 'Глэдис Матон', 'Дэниэл Лопатин', None, 'Мияко Беллицци', None, 'Одри Тёрнер', 'Бенни Сэфди', 'Джош Сэфди', 'Рональд Бронштейн', 'Бенни Сэфди', 'Шон Прайс Уильямс', 'Себастьян Бир-Макклард', 'Оскар Бойсон', 'Терри Дугас', 'Жан-Люк Де Фанти', 'Рональд Бронштейн', 'Джош Сэфди']"",После неудачного ограбления Конни хочет вытащить брата из тюрьмы. Дикий триллер на бешеных скоростях Нью-Йорка,https://avatars.mds.yandex.net/get-kinopoisk-image/4774061/4aa40ca2-28f5-4c5b-aac8-b687fefdb7c4/orig,https://www.youtube.com/embed/u0_L_J8PsEk,https://hd.kinopoisk.ru/?rt=46edc7420171af7d94429f8c0b0cb99e"
"The Boys,Пацаны,2019 ,tv-series,8.306,США,,18.0,""['фантастика', 'боевик', 'драма', 'комедия', 'криминал']"",""['Карл Урбан', 'Джек Куэйд', 'Энтони Старр', 'Эрин Мориарти', 'Джесси Ашер', 'Лас Алонсо', 'Чейс Кроуфорд', 'Томер Капон', 'Карен Фукухара', 'Нэйтан Митчелл', 'Кристофер Леннерц', None, 'Дэвид Бест', 'Ларри Спиттл', 'Уильям Чэн', None, 'Филип Сгриккиа', 'Сара Бойд', 'Стефан Шварц', 'Фред Туа', 'Дэвид Калдор', 'Нона Ходай', 'Седрик Найрн-Смит', 'Уильям Рубенштейн', 'Дэн Столофф', 'Дилан Маклеод', 'Эванс Браун', 'Мирослав Бажак', 'Ник Баруччи', 'Гэбриел Гарсиа', 'Эван Голдберг', 'Эрик Крипке', 'Крэйг Розенберг', 'Ребекка Сонненшайн', 'Дэвид Рид', 'Энн Кофель']"",Отряд простых смертных ставит на место продажных супергероев в трико. Дерзкий сериал по комиксу Гарта Энниса,https://avatars.mds.yandex.net/get-kinopoisk-image/1773646/21324634-7afd-4443-8ac4-5c4097ac5b6c/orig,https://www.youtube.com/embed/zNztReTPpOE,"
"Trainspotting,На игле,1995 ,movie,7.952,Великобритания,93.0,18.0,""['драма', 'криминал']"",""['Юэн Макгрегор', 'Юэн Бремнер', 'Джонни Ли Миллер', 'Кевин МакКидд', 'Роберт Карлайл', 'Келли Макдоналд', 'Питер Муллан', 'Джеймс Космо', 'Айлин Николас', 'Сьюзэн Видлер', 'Трэйси Галлахер', 'Рэйчел Флеминг', 'Дэнни Бойл', 'Масахиро Хиракубо', 'Брайан Тьюфано', 'Эндрю Макдональд', 'Джон Ходж', 'Ирвин Уэлш']"",Шотландские маргиналы предаются саморазрушению в Эдинбурге 1990-х. Экранизация культового романа Ирвина Уэлша,https://avatars.mds.yandex.net/get-kinopoisk-image/1777765/f47dc447-7360-43a4-aa05-5ac408203f5e/orig,https://www.youtube.com/v/odDOrxuSOMc,https://www.ivi.ru/watch/100121?utm_source=yandex&utm_medium=wizard"
"Shawshank Redemption,Побег из Шоушенка,1994 ,movie,9.108,США,142.0,16.0,['драма'],""['Тим Роббинс', 'Морган Фриман', 'Боб Гантон', 'Уильям Сэдлер', 'Клэнси Браун', 'Гил Беллоуз', 'Марк Ролстон', 'Джеймс Уитмор', 'Джеффри ДеМанн', 'Ларри Бранденбург', 'Томас Ньюман', 'Питер Лэндсдаун Смит', 'Элизабет МакБрайд', 'Майкл Сейртон', 'Фрэнк Дарабонт', 'Ричард Фрэнсис-Брюс', 'Роджер Дикинс', 'Лиз Глоцер', 'Дэвид В. Лестер', 'Ники Марвин', 'Иван Литвиненко', 'Диомид Виноградов', 'Александр Носков', 'Игорь Старосельцев', 'Юрий Маляров', 'Фрэнк Дарабонт', 'Стивен Кинг']"",Несправедливо осужденный банкир готовит побег из тюрьмы. Тим Роббинс в выдающейся экранизации Стивена Кинга,https://avatars.mds.yandex.net/get-kinopoisk-image/1599028/0b76b2a2-d1c7-4f04-a284-80ff7bb709a4/orig,,https://24h.tv/contents/1994-the-shawshank-redemption-546324557221331539"
"The Shining,Сияние,1980 ,movie,7.776,США,144.0,18.0,""['триллер', 'драма', 'ужасы', 'детектив']"",""['Джек Николсон', 'Шелли Дювалл', 'Дэнни Ллойд', 'Скэтмэн Крозерс', 'Бэрри Нельсон', 'Филип Стоун', 'Джо Тёркел', 'Энн Джексон', 'Тони Бертон', 'Лия Белдам', 'Уэнди Карлос', 'Рэйчел Элкинд', 'Лесли Томкинс', 'Милена Канонеро', 'Стэнли Кубрик', 'Рэй Лавджой', 'Джон Олкотт', 'Роберт Фрайер', 'Ян Харлан', 'Мэри Лиа Джонсон', 'Стэнли Кубрик', 'Алексей Колган', 'Марьяна Спивак', 'Фёдор Дахненко', 'Денис Беспалый', 'Игорь Старосельцев', 'Стэнли Кубрик', 'Дайан Джонсон', 'Стивен Кинг']"",""Писатель, запертый с семьей в заснеженном отеле, теряет рассудок. Культовый эстетский хоррор Стэнли Кубрика"",https://st.kp.yandex.net/images/film_big/409.jpg,https://www.youtube.com/embed/dHScfCh0a5c,"
"Forrest Gump,Форрест Гамп,1994 ,movie,8.921,США,142.0,18.0,""['драма', 'комедия', 'мелодрама', 'история', 'военный']"",""['Том Хэнкс', 'Робин Райт', 'Салли Филд', 'Гэри Синиз', 'Майкелти Уильямсон', 'Майкл Коннер Хэмпфри', 'Ханна Р. Холл', 'Сэм Андерсон', 'Шиван Фэллон Хоган', 'Ребекка Уильямс', 'Алан Сильвестри', 'Лесли МакДональд', 'Уильям Джеймс Тигарден', 'Джоанна Джонстон', 'Нэнси Хэй', 'Роберт Земекис', 'Артур Шмидт', 'Дон Бёрджесс', 'Венди Файнерман', 'Чарльз Невирт', 'Стив Старки', 'Стив Тиш', 'Глеб Петров', 'Анастасия Жаркова', 'Ольга Зубкова', 'Дмитрий Поляновский', 'Пётр Иващенко', 'Эрик Рот', 'Уинстон Грум']"",Полувековая история США глазами чудака из Алабамы. Абсолютная классика Роберта Земекиса с Томом Хэнксом,https://avatars.mds.yandex.net/get-kinopoisk-image/1599028/3560b757-9b95-45ec-af8c-623972370f9d/orig,https://www.youtube.com/embed/2mQAhwPKCuU,https://hd.kinopoisk.ru/?rt=46a0706f3a37eb52b933f510ae5c7d21"
"Filth,Грязь,2013 ,movie,7.637,Великобритания,93.0,18.0,""['криминал', 'комедия', 'драма']"",""['Джеймс МакЭвой', 'Джейми Белл', 'Эдди Марсан', 'Джим Бродбент', 'Имоджен Путс', 'Шона МакДональд', 'Ширли Хендерсон', 'Джон Сешнс', 'Гари Льюис', 'Иман Эллиотт', 'Клинт Мэнселл', None, 'Моли Кэмпбелл', 'Гай Сперанса', 'Клер Пиджон', 'Джон С. Бейрд', 'Марк Экерсли', 'Мэттью Дженсен', 'Марк Эмин', 'Кристиан Ангермейер', 'Джон С. Бейрд', 'Уилл Кларк', 'Александр Носков', 'Александр Дасевич', 'Дмитрий Филимонов', 'Александр Воронов', 'Василиса Воронина', 'Джон С. Бейрд', 'Ирвин Уэлш']"",Теряющий рассудок детектив пытается получить повышение. Криминальный бэд-трип по мотивам романа Ирвина Уэлша,https://avatars.mds.yandex.net/get-kinopoisk-image/1599028/3b30d584-61a8-4183-af15-16095caca6d3/orig,https://www.youtube.com/embed/k4p4hZ4QPc4,https://hd.kinopoisk.ru/?rt=456dd22541a94bbc926354010026e323"
"Lock, Stock and Two Smoking Barrels,""Карты, деньги, два ствола"",1998 ,movie,8.558,Великобритания,107.0,18.0,""['боевик', 'комедия', 'криминал']"",""['Джейсон Флеминг', 'Декстер Флетчер', 'Ник Моран', 'Джейсон Стэйтем', 'Стивен Макинтош', 'Николас Роу', 'Ник Марк', 'Чарльз Форбс', 'Винни Джонс', 'Ленни МакЛин', 'Дэвид А. Хьюз', 'Джон Мерфи', 'Стефани Колли', 'Джек Хаймэн', 'Гай Ричи', 'Найвен Хоуи', 'Тим Морис-Джонс', 'Мэттью Вон', 'Стефен Маркс', 'Джорджия Мастерс', 'Питер Мортон', 'Сергей Анненков', 'Алексей Золотницкий', 'Дмитрий Лунёв', 'Пётр Коврижных', 'Сергей Чекан', 'Гай Ричи']"",""Четверке друзей из Лондона нужно где-то найти 500 000 фунтов. Культовая черная комедия, дебют Гая Ричи"",https://avatars.mds.yandex.net/get-kinopoisk-image/1599028/6492653f-11d5-4087-a1d2-ec7a74f161d3/orig,https://www.youtube.com/embed/h6hZkvrFIj0,https://www.ivi.ru/watch/59519?utm_source=yandex&utm_medium=wizard"
"No Country for Old Men,Старикам тут не место,2007 ,movie,7.804,США,122.0,18.0,""['триллер', 'драма', 'криминал', 'вестерн']"",""['Томми Ли Джонс', 'Джош Бролин', 'Хавьер Бардем', 'Келли Макдоналд', 'Вуди Харрельсон', 'Бет Грант', 'Гаррет Диллахант', 'Тесс Харпер', 'Барри Корбин', 'Стивен Рут', 'Картер Бёруэлл', 'Джон П. Голдсмит', 'Мэри Зофрис', 'Нэнси Хэй', 'Итан Коэн', 'Джоэл Коэн', 'Итан Коэн', 'Джоэл Коэн', 'Роджер Дикинс', 'Итан Коэн', 'Джоэл Коэн', 'Скотт Рудин', 'Дэвид Дилиберто', 'Рудольф Панков', 'Александр Груздев', 'Виктор Бохон', 'Наталья Фищук', 'Валерий Сторожик', 'Джоэл Коэн', 'Итан Коэн', 'Кормак Маккарти']"",""Наемный убийца преследует ветерана войны, укравшего деньги наркодилеров. Философский триллер братьев Коэн"",https://avatars.mds.yandex.net/get-kinopoisk-image/1599028/fd0501f0-adaf-48fd-bad3-1216a33fc95a/orig,https://www.youtube.com/embed/EWjZAzXcY1I,https://hd.kinopoisk.ru/?rt=4ac8bdf19b57a545b1f5a21dc9ef8036"
"Once Upon a Time in Hollywood,Однажды в… Голливуде,2019 ,movie,7.664,США,161.0,18.0,""['драма', 'комедия']"",""['Леонардо ДиКаприо', 'Брэд Питт', 'Марго Робби', 'Эмиль Хирш', 'Маргарет Куэлли', 'Тимоти Олифант', 'Джулия Баттерз', 'Остин Батлер', 'Дакота Фаннинг', 'Брюс Дерн', 'Тристан Пэрис Борн', 'Джон Декстер', 'Ричард Л. Джонсон', 'Эрик Сандаль', 'Дэннис Брэдфорд', 'Янн К. Энджел', 'Арианна Филлипс', 'Нэнси Хэй', 'Квентин Тарантино', 'Фред Раскин', 'Роберт Ричардсон', 'Джеффри Чан', 'Уильям Пол Кларк', 'Дэвид Хейман', 'Джорджия Касандес', 'Сергей Бурунов', 'Всеволод Кузнецов', 'Татьяна Шитова', 'Диомид Виноградов', 'Мария Борисова', 'Квентин Тарантино']"",""Можно ли переписать историю? Самый ностальгический фильм Тарантино — с Шэрон Тейт, Брюсом Ли и Чарли Мэнсоном"",https://avatars.mds.yandex.net/get-kinopoisk-image/1599028/70580cf5-3287-42d6-8a76-2c715e2f6172/orig,https://www.youtube.com/embed/cElG0be2ofo,https://hd.kinopoisk.ru/?rt=402b0b23f5be12a79c72cd55b49e226f"
"The girl with the dragon tattoo,Девушка с татуировкой дракона,2011,,,,, ,movie,7.751,США,158.0,18.0,""['детектив', 'триллер', 'драма', 'криминал']"",""['Дэниэл Крэйг', 'Руни Мара', 'Кристофер Пламмер', 'Стеллан Скарсгард', 'Стивен Беркофф', 'Робин Райт', 'Йорик ван Вагенинген', 'Джоэли Ричардсон', 'Джеральдин Джеймс', 'Горан Вишнич', 'Трент Резнор', 'Аттикус Росс', 'Стив Арнольд', 'Фрида Арвидссон', 'Адам Дэвис', 'Пернилла Олссон', 'Кайса Северин', 'Том Рита', 'Патрик Рольф', 'Микаэл Вархелий', 'Триш Саммервилл', 'К.С. Фокс', 'Эрик Видегард', 'Дэвид Финчер', 'Кирк Бакстер', 'Энгус Уолл', 'Джефф Кроненвет', 'Сиан Чаффин', 'Скотт Рудин', 'Сёрен Стемосе', 'Оле Сонберг', 'Валерий Соловьев', 'Рамиля Искандер', 'Артем Карапетян', 'Василий Бочкарев', 'Андрей Ярославцев', 'Стивен Зеллиан', 'Стиг Ларссон']"",Репортер и хакерша расследуют убийство. Мощная голливудская адаптация детективного бестселлера Стига Ларссона,https://avatars.mds.yandex.net/get-kinopoisk-image/6201401/1ae7c41f-2605-498a-9d38-8f3ee1526e9a/orig,https://www.youtube.com/embed/DqQe3OrsMKI,https://hd.kinopoisk.ru/?rt=4fea297c6b81d23ab84596ff5e851340"
"The Big Lebowski,Большой Лебовски,1998 ,movie,7.801,США,117.0,18.0,""['комедия', 'криминал']"",""['Джефф Бриджес', 'Джон Гудман', 'Джулианна Мур', 'Стив Бушеми', 'Дэвид Хаддлстон', 'Филип Сеймур Хоффман', 'Тара Рид', 'Бен Газзара', 'Сэм Эллиотт', 'Петер Стормаре', 'Картер Бёруэлл', 'Джон Декстер', 'Мэри Зофрис', 'Крис Л. Спэллман', 'Джоэл Коэн', 'Итан Коэн', 'Итан Коэн', 'Джоэл Коэн', 'Триша Кук', 'Роджер Дикинс', 'Итан Коэн', 'Тим Беван', 'Джон Камерон', 'Джоэл Коэн', 'Валентин Смирнитский', 'Андрей Мартынов', 'Ольга Кузнецова', 'Андрей Казанцев', 'Олег Куценко', 'Итан Коэн', 'Джоэл Коэн']"",""Тихого пофигиста по ошибке принимают за богача. Криминальная комедия братьев Коэн, которая разошлась на цитаты"",https://avatars.mds.yandex.net/get-kinopoisk-image/6201401/86be967f-598d-46f2-bc59-bc222e2ca837/orig,https://www.youtube.com/embed/GiwMMziJdqg,https://www.ivi.ru/watch/90316?utm_source=yandex&utm_medium=wizard"
"Knives Out,Достать ножи,2019 ,movie,8.103,США,130.0,18.0,""['детектив', 'комедия', 'драма', 'криминал']"",""['Дэниэл Крэйг', 'Ана де Армас', 'Крис Эванс', 'Джейми Ли Кёртис', 'Майкл Шеннон', 'Дон Джонсон', 'Тони Коллетт', 'Лакит Стэнфилд', 'Кристофер Пламмер', 'Кэтрин Лэнгфорд', 'Нэйтан Джонсон', 'Джереми Вудворд', 'Дженни Иген', 'Дэвид Шлезингер', 'Райан Джонсон', 'Боб Дюксе', 'Стив Йедлин', 'Рэм Бергман', 'Леопольд Хьюз', 'Райан Джонсон', 'Никос Карамагиос', 'Илья Исаев', 'Алия Насырова', 'Даниил Эльдаров', 'Ольга Зубкова', 'Юрий Деркач', 'Райан Джонсон']"",Частный детектив ведет запутанное дело о смерти известного писателя. Криминальная комедия с Дэниэлом Крэйгом,https://avatars.mds.yandex.net/get-kinopoisk-image/1777765/bb8afbd6-c9cd-4631-99e9-3fecf241dbaf/orig,https://www.youtube.com/embed/Wi3wPg4IaeA,https://hd.kinopoisk.ru/?rt=411a4de4ea461ddf943dec0dfd29afc1"
"The Fifth Element,Пятый элемент,1997 ,movie,8.12,Франция,126.0,18.0,""['фантастика', 'боевик', 'комедия', 'мелодрама']"",""['Брюс Уиллис', 'Милла Йовович', 'Гари Олдман', 'Иэн Холм', 'Крис Такер', 'Люк Перри', 'Брайон Джеймс', 'Том ’Тайни’ Листер мл.', 'Ли Эванс', 'Чарли Крид-Майлз', 'Эрик Серра', 'Ира Гилфорд', 'Рон Гресс', 'Майкл Ламонт', 'Джим Морахэн', 'Кевин Фиппс', 'Жан-Поль Готье', 'Мэгги Грэй', 'Анна Пиннок', 'Люк Бессон', 'Сильви Ландра', 'Тьерри Арбогаст', 'Патрис Леду', 'Джон А. Амикарелла', 'Иэн Смит', 'Вадим Андреев', 'Алексей Иващенко', 'Татьяна Весёлкина', 'Мария Овчинникова', 'Леонид Белозорович', 'Роберт Марк Кэмен', 'Люк Бессон']"",Последняя надежда человечества — безалаберный нью-йоркский таксист. Самый обаятельный фильм Люка Бессона,https://avatars.mds.yandex.net/get-kinopoisk-image/1629390/9e9e2b2c-a3c1-462e-8d84-e6a19fbe5b9c/orig,https://www.youtube.com/embed/QPYgGohqLmk,https://hd.kinopoisk.ru/?rt=410e683f7dc325ea8aced77ca57916fb"
"The Game,Игра,1997 ,movie,8.257,США,129.0,16.0,""['триллер', 'драма', 'детектив', 'приключения']"",""['Майкл Дуглас', 'Шон Пенн', 'Дебора Кара Ангер', 'Джеймс Ребхорн', 'Питер Донат', 'Кэррол Бейкер', 'Анна Катарина', 'Армин Мюллер-Шталь', 'Чарльз Мартине', 'Скотт Хантер МакГуайр', 'Говард Шор', 'Джеймс Дж. Мураками', 'Стив Сэклад', 'Майкл Каплан', None, 'Джеки Карр', 'Рик Симпсон', 'Дэвид Финчер', 'Джеймс Хэйгуд', 'Харрис Савидис', 'Сиан Чаффин', 'Стив Голин', 'Джон Бренкето', 'Майкл Феррис', 'Владимир Еремин', 'Всеволод Кузнецов', 'Ольга Плетнёва', 'Владимир Антоник', 'Рогволд Суховерко', 'Джон Бренкето', 'Майкл Феррис']"",""Жизнь банкира превращается в ад, но, возможно, это кем-то спланировано. Хищный и едкий триллер Дэвида Финчера"",https://avatars.mds.yandex.net/get-kinopoisk-image/1600647/d753a460-0ece-4007-84d9-02d7a2968829/orig,https://www.youtube.com/embed/msF2xgYTYmk,https://www.ivi.ru/watch/90285?utm_source=yandex&utm_medium=wizard"
"Catch Me If You Can,""Поймай меня, если сможешь"",2002 ,movie,8.531,США,141.0,18.0,""['криминал', 'биография', 'комедия']"",""['Леонардо ДиКаприо', 'Том Хэнкс', 'Кристофер Уокен', 'Мартин Шин', 'Натали Бай', 'Эми Адамс', 'Джеймс Бролин', 'Брайан Хау', 'Фрэнк Джон Хьюз', 'Стив Истин', 'Джон Уильямс', 'Сара Ноулз', 'Мэри Зофрис', 'Клодетт Дидал', 'Лесли А. Поуп', 'Стивен Спилберг', 'Майкл Кан', 'Януш Камински', 'Уолтер Ф. Паркс', 'Стивен Спилберг', 'Барри Кемп', 'Дэниэл Лупи', 'Антон Макарский', 'Алексей Колган', 'Виктор Петров', 'Александр Воеводин', 'Анна Каменкова', 'Джефф Натансон', 'Фрэнк Эбегнейл мл.', 'Стэн Реддинг']"",Виртуозный аферист годами водит за нос ФБР. Хит Стивена Спилберга по реальным событиям с Леонардо ДиКаприо,https://avatars.mds.yandex.net/get-kinopoisk-image/1704946/e38dd6f9-610e-4c90-8540-dc48560cb9cc/orig,https://www.youtube.com/embed/71rDQ7z4eFg,https://hd.kinopoisk.ru/?rt=4ba3dd505807f37b9644e902e4c5a9f6"
"Allied,Союзники,2016 ,movie,7.152,Великобритания,121.0,18.0,""['боевик', 'триллер', 'драма', 'мелодрама', 'военный']"",""['Брэд Питт', 'Марион Котийяр', 'Лиззи Каплан', 'Аугуст Диль', 'Шарлотта Хоуп', 'Рэффи Кэссиди', 'Мэттью Гуд', 'Дэниэл Беттс', 'Саймон Макберни', 'Джаред Харрис', 'Алан Сильвестри', 'Энтони Кэрон-Делион', 'Джейсон Нокс-Джонстон', 'Ричард Селвэй', 'Том Стилл', 'Джоанна Джонстон', 'Раффаэлла Джованнетти', 'Роберт Земекис', 'Мик Одсли', 'Джереми О’Дрискол', 'Дон Бёрджесс', 'Аллегра Клегг', 'Грэм Кинг', 'Стивен Найт', 'Джеки Рубин', 'Юрий Деркач', 'Татьяна Шитова', 'Анна Киселёва', 'Евгений Вальц', 'Василиса Эльдарова', 'Стивен Найт']"",""В годы Второй мировой Макс встречает любовь, но ее подозревают в шпионаже. Военный триллер Роберта Земекиса"",https://st.kp.yandex.net/images/film_big/915140.jpg,https://www.youtube.com/embed/JjD2Cxzx81A,"
"Legend,Легенда,2015 ,movie,7.202,Великобритания,131.0,18.0,""['криминал', 'триллер', 'драма']"",""['Том Харди', 'Эмили Браунинг', 'Дэвид Тьюлис', 'Даффи', 'Кристофер Экклстон', 'Чазз Пальминтери', 'Пол Андерсон', 'Джошуа Хилл', 'Колин Морган', 'Тара Фитцджеральд', 'Картер Бёруэлл', 'Гарет Казинс', 'Марко Антон Рестиво', 'Патрик Рольф', 'Кэролайн Харрис', 'Криспиан Саллис', 'Брайан Хелгеленд', 'Питер МакНалти', 'Дик Поуп', 'Тим Беван', 'Крис Кларк', 'Квентин Кертис', 'Эрик Феллнер', 'Илья Исаев', 'Вероника Саркисова', 'Андрей Градов', 'Алексей Войтюк', 'Валерий Сторожик', 'Брайан Хелгеленд', 'Джон Пирсон']"",Гангстеры-близнецы завоевывают Лондон 1960-х. Драма о знаменитых преступниках с двойной ролью Тома Харди,https://avatars.mds.yandex.net/get-kinopoisk-image/1600647/55db3c5f-837f-478e-b2ba-67872bf7b57c/orig,https://www.youtube.com/embed/k7izcLjrArc,https://hd.kinopoisk.ru/?rt=4e618e9ed093491eb17650097198c56e"
"Kill Bill,Убить Билла,2003 ,movie,7.684,США,111.0,18.0,""['боевик', 'триллер', 'криминал']"",""['Ума Турман', 'Люси Лью', 'Вивика А. Фокс', 'Джули Дрейфус', 'Тиаки Курияма', 'Сонни Тиба', 'Майкл Боуэн', 'Дэрил Ханна', 'Дэвид Кэрредин', 'Майкл Мэдсен', None, 'Дэниэл Брэдфорд', 'Цао Цзюйпин', 'Хидэфуми Ханатани', 'Лю Луи', 'Минору Нисида', 'Кацухито Исии', 'Кумико Огава', 'Катрин Мари Томас', 'Ёсихито Акацука', 'Сэнди Рейнольдс-Уоско', 'Квентин Тарантино', 'Салли Менке', 'Роберт Ричардсон', 'Лоуренс Бендер', 'Мицухиса Исикава', 'Коко Маэда', 'Кацудзи Морисита', 'Ольга Плетнёва', 'Жанна Никонова', 'Мария Овчинникова', 'Ольга Зверева', 'Нина Тобилевич', 'Квентин Тарантино', 'Ума Турман']"",Наемная убийца жестоко мстит бывшим подельникам. Жестокий боевик Квентина Тарантино — с анимацией и отсылками,https://avatars.mds.yandex.net/get-kinopoisk-image/1599028/c28ed8ad-54b7-4781-8f42-002d26b39b7f/orig,https://www.youtube.com/embed/vwZ_m_EFHzs,https://okko.tv/movie/ljubit-billa?utm_medium=referral&utm_source=yandex_search&utm_campaign=new_search_feed"
"The Maze Runner,Бегущий в лабиринте,2014 ,movie,6.816,Великобритания,113.0,16.0,""['фантастика', 'триллер', 'приключения']"",""['Дилан О’Брайен', 'Томас Сэнгстер', 'Кая Скоделарио', 'Уилл Поултер', 'Ки Хон Ли', 'Блейк Купер', 'Амл Амин', 'Алекс Дж. Флорес', 'Джейкоб Латимор', 'Патриша Кларксон', 'Джон Песано', 'Дуглас Камминг', 'Кристин Бизлин Кларк', 'Симонетта Мариано', 'Джон Данниэллс', 'Уэс Болл', 'Дэн Циммерман', 'Энрике Чедьяк', 'Марти Бауэн', 'Вик Годфри', 'Эллен Голдсмит-Вейн', 'Ли Столлман', 'Глеб Гаврилов', 'Иван Чабан', 'Ирина Обрезкова', 'Петр Вечерков', 'Антон Кутузов', 'Ной Оппенхайм', 'Грант Пирс Майерс', 'Т.С. Наулин', 'Джеймс Дэшнер']"",Подростки пытаются выбраться из изолированного «приюта». Начало молодежной саги по бестселлеру Джеймса Дэшнера,https://avatars.mds.yandex.net/get-kinopoisk-image/1777765/d7ad29b7-da97-42b4-9669-c14a1a822591/orig,https://www.youtube.com/embed/5ucb0fuBuso,https://24h.tv/contents/2014-the-maze-runner-546665268403765941"
"Apocalypto,Апокалипсис,2006 ,movie,7.991,США,139.0,18.0,""['боевик', 'триллер', 'драма', 'приключения']"",""['Руди Янгблад', 'Далия Эрнандес', 'Джонатан Брюэр', 'Моррис Бердйеллоухэд', 'Карлос Эмилио Баэс', 'Амилькар Рамирес', 'Израэл Контрерас', 'Израэль Риос', 'Мария Исабель Диас', 'Эспиридион Акоста Каче', 'Джеймс Хорнер', 'Роберто Бонелли', 'Наман Маршалл', None, 'Тереза Уоктер', 'Майес С. Рубео', 'Джей Ароести', 'Мэл Гибсон', 'Джон Райт', 'Дин Семлер', 'Брюс Дэвей', 'Мэл Гибсон', 'Джуди Белл', 'Вики Кристиансон', 'Мэл Гибсон', 'Фарад Сафиниа']"",""Молодой индеец пытается избежать ритуальной смерти. Кровавый эпос Мэла Гибсона, три номинации на «Оскар»"",https://avatars.mds.yandex.net/get-kinopoisk-image/9784475/0ea65db5-0eb3-4c04-b8c6-22aa6fb6a302/orig,https://www.youtube.com/embed/ngWBddVNVZs,https://24h.tv/contents/2006-apocalypto-546332312808194984"
"True detective,Настоящий детектив,2014 ,tv-series,8.65,США,,18.0,""['детектив', 'криминал', 'триллер', 'драма']"",""['Мэттью МакКонахи', 'Колин Фаррелл', 'Махершала Али', 'Вуди Харрельсон', 'Рэйчел Макадамс', 'Кармен Эджого', 'Мишель Монахэн', 'Тейлор Китч', 'Стивен Дорфф', 'Майкл Поттс', 'Ти-Боун Бёрнетт', 'Кифес Чанция', 'Тим Бич', 'Мара ЛеПере-Шлуп', 'Ричард Блум', 'Майя Симогути', 'Кэри Дзёдзи Фукунага', 'Исса Лопес', 'Дэниэл Сакхайм', 'Джон Краули', 'Алекс Холл', 'Лео Тромбетта', 'Аффонсо Гонсалвес', 'Крис Фиглер', 'Найджел Блак', 'Адам Аркпоу', 'Джермейн МакМикинг', 'Флориан Хоффмайстер', 'Ричард Браун', 'Кэри Дзёдзи Фукунага', 'Вуди Харрельсон', 'Мэттью МакКонахи', 'Ник Пиццолатто', 'Исса Лопес', None, 'Грэм Горди']"",Кто стоит за необычайно жестокими и запутанными убийствами? Суперзвезды в главном детективном сериале 2010-х,https://avatars.mds.yandex.net/get-kinopoisk-image/1629390/ec7821b5-e731-4ee7-ba6b-f7608a3460dd/orig,https://www.youtube.com/embed/fVQUcaO4AvE,https://hd.kinopoisk.ru/?rt=4bf1ce8fe7e0b469bf2e0533068f887e"
"A Beautiful Mind,Игры разума,2001 ,movie,8.545,США,135.0,12.0,""['драма', 'биография', 'мелодрама']"",""['Рассел Кроу', 'Эд Харрис', 'Дженнифер Коннелли', 'Кристофер Пламмер', 'Пол Беттани', 'Адам Голдберг', 'Джош Лукас', 'Энтони Рэпп', 'Джейсон Грей-Стенфорд', 'Джадд Хёрш', 'Джеймс Хорнер', 'Роберт Гуерра', 'Рита Райек', 'Лесли Е. Роллинз', 'Рон Ховард', 'Дэниэл П. Хэнли', 'Майк Хилл', 'Роджер Дикинс', 'Брайан Грейзер', 'Рон Ховард', 'Тодд Халлоуэлл', 'Карен Кехела', 'Олег Куценко', 'Рудольф Панков', 'Мария Овчинникова', 'Владимир Еремин', 'Василий Дахненко', 'Акива Голдсман', 'Сильвия Насар']"",""Гениальный математик в плену галлюцинаций. Биографическая драма с Расселом Кроу, получившая 4 «Оскара»"",https://avatars.mds.yandex.net/get-kinopoisk-image/4303601/80f21137-eebb-4cdc-8124-96c68c07c2a8/orig,https://www.youtube.com/embed/LH_UFaCZVTY,https://www.ivi.ru/watch/99166?utm_source=yandex&utm_medium=wizard"
"The Truman Show,Шоу Трумана,1998 ,movie,8.279,США,103.0,18.0,""['драма', 'комедия']"",""['Джим Керри', 'Лора Линни', 'Ноа Эммерих', 'Наташа Макэлхоун', 'Эд Харрис', 'Холланд Тейлор', 'Брайан Дилейт', 'Пол Джаматти', 'Гарри Ширер', 'Филип Бейкер Холл', 'Буркхард фон Далльвиц', 'Ричард Л. Джонсон', 'Мэрлин Мэтьюз', 'Нэнси Хэй', None, 'Питер Уир', 'Уилльям М. Андерсон', 'Ли Смит', 'Питер Бижу', 'Эдвард С. Фельдман', 'Эндрю Никкол', 'Скотт Рудин', 'Адам Шредер', 'Александр Матвеев', 'Ирина Киреева', 'Пётр Иващенко', 'Татьяна Абрамова', 'Александр Коврижных', 'Эндрю Никкол']"",""Благополучный страховой агент обнаруживает, что он — герой реалити-шоу. Джим Керри в пророческой антиутопии"",https://avatars.mds.yandex.net/get-kinopoisk-image/4483445/ceb4574e-4b3b-43bf-a217-770d95c8afea/orig,https://www.youtube.com/embed/loTIzXAS7v4,https://hd.kinopoisk.ru/?rt=44ca34b34a5be12eb90c65dd9336f593"
"The Place Beyond the Pines,Место под соснами,2012 ,movie,7.328,США,140.0,16.0,""['триллер', 'драма', 'криминал']"",""['Райан Гослинг', 'Брэдли Купер', 'Дэйн ДеХаан', 'Ева Мендес', 'Эмори Коэн', 'Махершала Али', 'Бен Мендельсон', 'Роуз Бирн', 'Рэй Лиотта', 'Харрис Юлин', 'Майк Паттон', 'Майкл Ахерн', 'Эрин Бенач', 'Жасмин Е. Балу', 'Дерек Сиенфрэнс', 'Джимми Хелтон', 'Рон Патане', 'Шон Боббитт', 'Сидни Киммел', 'Алекс Орловский', 'Джэми Патрикоф', 'Мэтт Беренсон', 'Александр Коврижных', 'Денис Беспалый', 'Николай Быстров', 'Татьяна Шитова', 'Михаил Тарабукин', 'Дариус Мардер', 'Дерек Сиенфрэнс', 'Бен Коссио']"",""Каскадер бросает цирк, чтобы обеспечивать семью грабежом. Райан Гослинг в саге от режиссера «Валентинки»"",https://avatars.mds.yandex.net/get-kinopoisk-image/4303601/c29c67d9-cf18-49d3-adff-8270c20f1fa6/orig,https://www.youtube.com/embed/RQWxXEbXrOk,https://ntvplus.tv/watch/23802-mesto-pod-sosnami?utm_source=kinopoisk"
"Stand by Me,Останься со мной,1986 ,movie,7.839,США,89.0,16.0,""['драма', 'приключения']"",""['Уил Уитон', 'Ривер Феникс', 'Кори Фельдман', 'Джерри О’Коннелл', 'Кифер Сазерленд', 'Ричард Дрейфусс', 'Джон Кьюсак', 'Кейси Семашко', 'Гари Райли', 'Брэдли Грегг', 'Джек Ницше', 'Ричард Д. Кент', 'Роб Райнер', 'Роберт Лейтон', 'Томас Дель Рут', 'Брюс А. Эванс', 'Рэйнольд Гидеон', 'Эндрю Шайнмен', 'Рэйнольд Гидеон', 'Брюс А. Эванс', 'Стивен Кинг']"",,https://st.kp.yandex.net/images/film_big/498.jpg,https://www.youtube.com/embed/Ao9AI1pLeG0,"
"Alien,Чужой,1979 ,movie,8.075,Великобритания,116.0,16.0,""['ужасы', 'фантастика', 'триллер']"",""['Сигурни Уивер', 'Том Скеррит', 'Иэн Холм', 'Джон Хёрт', 'Гарри Дин Стэнтон', 'Вероника Картрайт', 'Яфет Котто', 'Боладжи Бадеджо', 'Хелен Хортон', 'Эдди Пауэлл', 'Джерри Голдсмит', 'Роджер Кристиан', 'Айвор Лесли Дилли', 'Джон Молло', 'Йен Уитэйкер', 'Ридли Скотт', 'Дэвид Краузер', 'Терри Роулингс', 'Питер Уитерлей', 'Дерек Ванлинт', 'Гордон Кэрролл', 'Дэвид Гайлер', 'Уолтер Хилл', 'Айвор Пауэлл', 'Ольга Зубкова', 'Андрей Симанов', 'Олег Куценко', 'Денис Беспалый', 'Олег Форостенко', 'Дэн О’Бэннон', 'Рональд Шусетт']"",Группа космонавтов высаживается на неизвестной планете и знакомится с ксеноморфом. Шедевр Ридли Скотта,https://st.kp.yandex.net/images/film_big/386.jpg,https://www.youtube.com/embed/xIe98nyo3xI,"
"In Bruges,Залечь на дно в Брюгге,2007 ,movie,7.776,Великобритания,107.0,18.0,""['комедия', 'криминал', 'триллер', 'драма']"",""['Колин Фаррелл', 'Брендан Глисон', 'Рэйф Файнс', 'Клеманс Поэзи', 'Джордан Прентис', 'Элизабет Беррингтон', 'Текла Рютен', 'Желько Иванек', 'Руди Бломм', 'Анна Маделей', 'Картер Бёруэлл', 'Крис Лоу', 'Яни Темиме', 'Анна Линч-Робинсон', None, 'Мартин Макдона', 'Джон Грегори', 'Эйгил Брилд', 'Джефф Абберли', 'Джулия Блэкман', 'Грэм Бродбент', 'Питер Чернин', 'Александр Гаврилин', 'Александр Новиков', 'Павел Кипнис', 'Людмила Ильина', 'Александр Котов', 'Мартин Макдона']"",Два киллера пытаются не умереть от скуки в бельгийском городке. Эталонная криминальная комедия Мартина МакДоны,https://st.kp.yandex.net/images/film_big/276295.jpg,https://www.youtube.com/embed/1G6W5CTaULw,"
"Groundhog Day,День сурка,1993 ,movie,8.139,США,101.0,12.0,""['фэнтези', 'драма', 'мелодрама', 'комедия']"",""['Билл Мюррей', 'Энди Макдауэлл', 'Крис Эллиот', 'Стивен Тоболовски', 'Брайан Дойл-Мюррей', 'Марита Герати', 'Анджела Пэтон', 'Рик Дукомман', 'Рик Овертон', 'Робин Дьюк', 'Джордж Фентон', 'Питер Лэндсдаун Смит', 'Дженнифер Батлер', 'Лиза Фишер', 'Харольд Рэмис', 'Пемброук Дж. Херринг', 'Джон Бэйли', 'Тревор Альберт', 'С. Эриксон', 'Харольд Рэмис', 'Уитни Уайт', 'Валерий Кухарешин', 'Сергей Пономарёв', 'Татьяна Михалевкина', 'Татьяна Абрамова', 'Владимир Летенков', 'Харольд Рэмис', 'Дэнни Рубин']"",Фил попадает во временную петлю в невзрачном городке. Билл Мюррей в культовой комедии о поиске смысла жизни,https://avatars.mds.yandex.net/get-kinopoisk-image/1599028/ed4f90cb-188b-4cac-a41a-c175ff9b9e48/orig,https://www.youtube.com/embed/W9gqmWLocP0,https://hd.kinopoisk.ru/?rt=4626c7e87484af83a71e994f8a7a3c00"
"The Lord of the Rings: The Return of the King,Властелин колец: Возвращение короля,2003 ,movie,8.657,Новая Зеландия,201.0,12.0,""['фэнтези', 'приключения', 'драма', 'боевик']"",""['Элайджа Вуд', 'Вигго Мортенсен', 'Шон Эстин', 'Иэн Маккеллен', 'Орландо Блум', 'Доминик Монахэн', 'Билли Бойд', 'Энди Серкис', 'Миранда Отто', 'Бернард Хилл', 'Говард Шор', 'Джо Бликли', 'Саймон Брайт', 'Дэн Хенна', 'Филип Айви', 'Марк Робинс', 'Найла Диксон', 'Ричард Тейлор', 'Дэн Хенна', 'Алан Ли', 'Питер Джексон', 'Джэми Селкирк', 'Эндрю Лесни', 'Питер Джексон', None, 'Барри М. Осборн', 'Фрэн Уолш', 'Григорий Анашкин', 'Алексей Рязанцев', 'Андрей Бархударов', 'Рогволд Суховерко', 'Олег Вирозуб', 'Фрэн Уолш', 'Филиппа Бойенс', 'Питер Джексон', 'Дж.Р.Р. Толкин']"",""Арагорн штурмует Мордор, а Фродо устал бороться с чарами кольца. Эффектный финал саги, собравший 11 «Оскаров» "",https://st.kp.yandex.net/images/film_big/3498.jpg,https://www.youtube.com/embed/x-4VMViImXo,"
"Harry Potter,Гарри Поттер и философский камень,2001 ,movie,8.264,Великобритания,152.0,12.0,""['фэнтези', 'приключения', 'семейный']"",""['Дэниэл Рэдклифф', 'Руперт Гринт', 'Эмма Уотсон', 'Ричард Харрис', 'Алан Рикман', 'Мэгги Смит', 'Робби Колтрейн', 'Том Фелтон', 'Мэттью Льюис', 'Иэн Харт', 'Джон Уильямс', 'Эндрю Эклэнд-Сноу', 'Питер Френсис', 'Джон Кинг', 'Майкл Ламонт', 'Нил Ламонт', 'Саймон Ламонт', 'Стивен Лоуренс', None, 'Люсинда Томсон', 'Клифф Робинсон', 'Джудианна Маковски', 'Стефени МакМиллан', 'Крис Коламбус', 'Ричард Фрэнсис-Брюс', 'Джон Сил', 'Тодд Арноу', 'Майкл Барнатан', 'Крис Коламбус', 'Паула ДюПре Песмен', 'Алексей Елистратов', 'Ольга Сирина', 'Лина Иванова', 'Всеволод Абдулов', 'Алексей Рязанцев', 'Стивен Кловз', 'Дж.К. Роулинг']"",Гарри поступает в школу магии Хогвартс и заводит друзей. Первая часть большой франшизы о маленьком волшебнике,https://st.kp.yandex.net/images/film_big/689.jpg,https://www.youtube.com/embed/ly3tLiu-bmc,"
"Il buono, il brutto, il cattivo,""Хороший, плохой, злой"",1966 ,movie,8.513,Италия,178.0,16.0,""['вестерн', 'боевик', 'криминал']"",""['Клинт Иствуд', 'Ли Ван Клиф', 'Илай Уоллак', 'Альдо Джуффре', 'Луиджи Пистилли', 'Рада Рассимов', 'Энцо Петито', 'Клаудио Скаркилли', 'Джон Барта', 'Ливио Лоренцон', 'Эннио Морриконе', 'Карло Сими', 'Серджио Леоне', 'Эудженио Алабисо', 'Нино Баральи', 'Тонино Делли Колли', 'Альберто Гримальди', 'Адженоре Инкроччи', 'Фурио Скарпелли', 'Лучиано Винчензони', 'Серджио Леоне']"",,https://avatars.mds.yandex.net/get-kinopoisk-image/1773646/8b9d4616-9426-4c74-a63c-296189f28213/orig,https://www.youtube.com/embed/IFNUGzCOQoI,https://www.ivi.ru/watch/100114?utm_source=yandex&utm_medium=wizard"
"Locke,Лок,2013 ,movie,6.871,Великобритания,85.0,18.0,['драма'],""['Том Харди', 'Оливия Колман', 'Рут Уилсон', 'Эндрю Скотт', 'Бен Дэниелс', 'Том Холланд', 'Билл Милнер', 'Дэниэл Уэбб', 'Элис Лоу', 'Сайлас Карсон', 'Дикон Хинчлифф', 'Найджел Эгертон', 'Стивен Найт', 'Джастин Райт', 'Харис Замбарлукос', 'Гай Хили', 'Пол Уэбстер', 'Чарльз Оти', 'Эд Кларк', 'Илья Исаев', 'Ольга Голованова', 'Ирина Киреева', 'Даниил Эльдаров', 'Денис Некрасов', 'Стивен Найт']"",""Прораб Айвен разруливает по телефону ворох неприятностей. Том Харди в монофильме, целиком снятом в салоне BMW"",https://avatars.mds.yandex.net/get-kinopoisk-image/1773646/e1a4d63f-e494-4ab5-b0e8-e45d9eb9554a/orig,https://www.youtube.com/embed/q2QE8OKCKZk,https://hd.kinopoisk.ru/?rt=4d963b0bb89a4a97b2f2cde02c1c116c"
"The Prestige,Престиж,2006 ,movie,8.518,Великобритания,125.0,16.0,""['триллер', 'фантастика', 'драма', 'детектив']"",""['Хью Джекман', 'Кристиан Бэйл', 'Майкл Кейн', 'Пайпер Перабо', 'Ребекка Холл', 'Скарлетт Йоханссон', 'Саманта Мэхурин', 'Дэвид Боуи', 'Энди Серкис', 'Дэниэл Дэвис', 'Дэвид Джульян', 'Кевин Кэвэно', 'Джоан Бергин', 'Джули Очипинти', 'Кристофер Нолан', 'Ли Смит', 'Уолли Пфистер', 'Кристофер Нолан', 'Аарон Райдер', 'Эмма Томас', 'Кристофер Болл', 'Александр Рахленко', 'Денис Беспалый', 'Никита Прозоровский', 'Мария Овчинникова', 'Лариса Некипелова', 'Джонатан Нолан', 'Кристофер Нолан', 'Кристофер Прист']"",Вражда двух иллюзионистов выходит на новый уровень. Фильм Кристофера Нолана с Дэвидом Боуи в роли Николы Теслы,https://st.kp.yandex.net/images/film_big/195334.jpg,https://www.youtube.com/embed/v6OwVKUpUpU,"
"Wasabi,Васаби,2001 ,movie,7.724,Франция,94.0,18.0,""['боевик', 'триллер', 'драма', 'комедия', 'криминал']"",""['Жан Рено', 'Рёко Хиросуэ', 'Мишель Мюллер', 'Ёси Оида', 'Кароль Буке', 'Кристиан Синниже', 'Александр Брик', 'Жан-Марк Монтальто', 'Вероник Бальм', 'Фабио Дзенони', 'Жюльен Шултейс', 'Эрик Серра', 'Аньес Фальк', 'Жерар Кравчик', 'Ян Херв', 'Жерар Стерин', 'Люк Бессон', 'Дидье Хорау', 'Сохей Котаки', 'Кандзиро Сакура', 'Игорь Тарадайкин', 'Жанна Никонова', 'Алексей Колган', 'Рогволд Суховерко', 'Анна Каменкова', 'Люк Бессон']"",""Французский коп приезжает в Токио, чтобы спасти дочь от японской мафии. Экшен-комедия по сценарию Люка Бессона"",https://avatars.mds.yandex.net/get-kinopoisk-image/6201401/e0f0830a-8560-436d-9c6f-d984ee157e7e/orig,https://www.youtube.com/embed/l0BtQUa4EYI,https://hd.kinopoisk.ru/?rt=4787163108106f93ac8af34eafb8973b"
"Drive,Драйв,2011 ,movie,7.262,США,100.0,18.0,""['криминал', 'драма', 'триллер']"",""['Райан Гослинг', 'Кэри Маллиган', 'Брайан Крэнстон', 'Альберт Брукс', 'Оскар Айзек', 'Кристина Хендрикс', 'Рон Перлман', 'Расс Тэмблин', 'Джефф Вульф', 'Джеймс Бибери', 'Клифф Мартинес', 'Кристофер Тандон', 'Эрин Бенач', 'Лиза К. Сессионс', 'Николас Виндинг Рефн', 'Мэттью Ньюман', 'Ньютон Томас Сигел', 'Мишель Литвак', 'Джон Палермо', 'Марк Э. Платт', 'Гиги Притцкер', 'Данил Щебланов', 'Татьяна Шитова', 'Валерий Сторожик', 'Алексей Иващенко', 'Иван Жарков', 'Хуссейн Амини', 'Джеймс Саллис']"",Молчаливый водитель спасает девушку от гангстеров. Неонуар с Райаном Гослингом и пульсирующим саундтреком,https://avatars.mds.yandex.net/get-kinopoisk-image/6201401/7d10f506-1d2a-4d73-98e0-d6605183b938/orig,https://www.youtube.com/embed/OuJM9XM2GI0,https://hd.kinopoisk.ru/?rt=431d3d9a64a6ba1ab4d2dd29b3c6af6d"
"Kenpu denki baruseruku,Берсерк,1997 ,anime,8.587,Япония,,18.0,""['аниме', 'мультфильм', 'фэнтези', 'боевик', 'драма']"",""['Нобутоси Канна', 'Унсё Исидзука', 'Юко Миямура', 'Акира Исида', 'Томохиро Нисимура', 'Тосиюки Морикава', 'Акико Ядзима', 'Масуо Амада', 'Ясуюки Касэ', 'Хироюки Ёкоо', 'Сусуму Хирасава', 'Ситиро Кобаяси', 'Наохито Такахаси', 'Тосио Накатани', 'Тосиаки Окуно', 'Синдзо Фудзита', 'Макото Итакура', 'Юкиёси Охаси', 'Сёдзи Ёнэмура']"",,https://st.kp.yandex.net/images/film_big/257376.jpg,https://www.youtube.com/embed/dVPzv9qwKl0,"
"Four Rooms,Четыре комнаты,1995 ,movie,7.738,США,98.0,18.0,['комедия'],""['Тим Рот', 'Антонио Бандерас', 'Дженнифер Билз', 'Пол Кальдерон', 'Сэмми Дэвис', 'Валерия Голино', 'Мадонна', 'Дэвид Провал', 'Айони Скай', 'Лили Тейлор', 'Комбустибл Эдисон', 'Мэйн Берк', 'Сьюзэн Л. Бертрам', 'Мэри Клер Хэннан', 'Сара Эндрюс', 'Эллисон Андерс', 'Александр Рокуэлл', 'Роберт Родригес', 'Квентин Тарантино', 'Маргарет Гудспид', 'Елена Маганини', 'Салли Менке', 'Роберт Родригес', 'Родриго Гарсия', 'Гильермо Наварро', 'Фил Пармет', 'Анджей Секула', 'Лоуренс Бендер', 'Пол Хеллерман', 'Скотт Ламберт', 'Александр Рокуэлл', 'Эллисон Андерс', 'Александр Рокуэлл', 'Роберт Родригес', 'Квентин Тарантино']"",Постояльцы-сумасброды проверяют на прочность неискушенного портье. Тим Рот в знаковой черной комедии 1990-х,https://avatars.mds.yandex.net/get-kinopoisk-image/1704946/b79457dc-9786-480d-879a-0147d369111c/orig,https://www.youtube.com/embed/DBHLiYkG_m8,https://www.ivi.ru/watch/105792?utm_source=yandex&utm_medium=wizard"
"American Beauty,Красота по-американски,1999 ,movie,7.987,США,122.0,18.0,['драма'],""['Кевин Спейси', 'Аннетт Бенинг', 'Тора Бёрч', 'Уэс Бентли', 'Мена Сувари', 'Питер Галлахер', 'Эллисон Дженни', 'Крис Купер', 'Скотт Бакула', 'Сэм Робардс', 'Томас Ньюман', 'Дэвид Лазан', 'Джули Уайсс', 'Жан К. Бергсторм', 'Сэм Мендес', 'Тарик Анвар', 'Кристофер Гринбери', 'Конрад Л. Холл', 'Брюс Коэн', 'Дэн Джинкс', 'Алан Болл', 'Стэн Влодковски', 'Алан Болл']"",""Немолодой неудачник радикально меняет жизнь, влюбившись в подругу дочери. Драма Сэма Мендеса, 5 «Оскаров»"",https://avatars.mds.yandex.net/get-kinopoisk-image/1599028/36f029a1-497d-45cd-b9fa-a152712a899c/orig,https://www.youtube.com/embed/C78331nL0z8,https://www.ivi.ru/watch/99167?utm_source=yandex&utm_medium=wizard"
"Don't Look Up,Не смотрите наверх,2021 ,movie,7.501,США,138.0,18.0,""['драма', 'фантастика', 'комедия']"",""['Леонардо ДиКаприо', 'Дженнифер Лоуренс', 'Мэрил Стрип', 'Джона Хилл', 'Кейт Бланшетт', 'Роб Морган', 'Марк Райлэнс', 'Тайлер Перри', 'Тимоти Шаламе', 'Рон Перлман', 'Николас Брителл', 'Джаред Патрик Гербиг', 'Эллиотт Глик', 'Брэд Рикер', 'Патрик Скалисе', 'Сьюзэн Мэтисон', None, 'Тара Павони', 'Кира Фридман Курчио', 'Адам Маккей', 'Хэнк Коруин', 'Линус Сандгрен', 'Тони Грация', None, 'Дженнифер Маделофф', 'Адам Маккей', 'Сергей Бурунов', 'Наталья Грачёва', 'Любовь Германова', 'Диомид Виноградов', 'Ольга Зубкова', 'Адам Маккей', 'Дэвид Сирота']"",,https://avatars.mds.yandex.net/get-kinopoisk-image/4774061/9c7a6c39-a9fc-4c15-a634-ada778f7b86c/orig,https://www.youtube.com/embed/X0O3G6QS8rY,"
"Gladiator,Гладиатор,2000 ,movie,8.583,США,155.0,16.0,""['история', 'боевик', 'драма', 'приключения']"",""['Рассел Кроу', 'Хоакин Феникс', 'Конни Нильсен', 'Оливер Рид', 'Ричард Харрис', 'Дерек Джекоби', 'Джимон Хонсу', 'Дэвид Скофилд', 'Джон Шрэпнел', 'Томас Арана', 'Лиза Джеррард', 'Ханс Циммер', 'Джэнти Йэтс', 'Криспиан Саллис', 'Эмилио Ардура', 'Ридли Скотт', 'Пьетро Скалия', 'Джон Мэтисон', 'Дэвид Францони', 'Бранко Лустиг', 'Лори МакДональд', 'Терри Нихэм', 'Олег Куценко', 'Владимир Паляница', 'Валерий Сторожик', 'Сергей Смирнов', 'Анна Каменкова', 'Джон Логан', 'Уильям Николсон', 'Дэвид Францони']"",""Отважный генерал, ставший рабом, мстит империи. Культовая историческая драма Ридли Скотта с пятью «Оскарами»"",https://avatars.mds.yandex.net/get-kinopoisk-image/1599028/7c3460dc-344d-433f-8220-f18d86c8397d/orig,https://www.youtube.com/embed/P5ieIbInFpg,https://www.ivi.ru/watch/90284?utm_source=yandex&utm_medium=wizard"
"The next three days,Три дня на побег,2010 ,movie,7.663,США,133.0,16.0,""['триллер', 'драма', 'боевик', 'криминал', 'мелодрама']"",""['Рассел Кроу', 'Элизабет Бэнкс', 'Джейсон Бех', 'Аиша Хайндс', 'Оливия Уайлд', 'Дэниел Стерн', 'Хелен Кэри', 'Брайан Деннехи', 'Лиам Нисон', 'Ленни Джеймс', 'Дэнни Элфман', 'Грегори С. Хупер', 'Эбигейл Мюррэй', 'Линда Ли Саттон', 'Пол Хаггис', 'Джо Френсис', 'Стефан Фонтен', 'Оливье Дельбоск', 'Пол Хаггис', 'Марк Миссонье', 'Майкл Нозик', 'Денис Беспалый', 'Елена Ивасишина', 'Василий Дахненко', 'Инна Королёва', 'Ольга Иванова', 'Пол Хаггис', 'Фред Кавайе', 'Гийом Леман']"",Учитель литературы пытается вытащить жену из тюрьмы. Рассел Кроу в боевике о силе любви и тяге к свободе,https://avatars.mds.yandex.net/get-kinopoisk-image/1900788/9c3a34a5-d6ef-43ee-873a-3362640a71d4/orig,https://www.youtube.com/embed/lCOpDla3lVo,https://www.ivi.ru/watch/106081?utm_source=yandex&utm_medium=wizard"
"The Lobster,Лобстер,2015 ,movie,7.026,Ирландия,119.0,18.0,""['драма', 'мелодрама', 'триллер', 'фантастика']"",""['Колин Фаррелл', 'Рэйчел Вайс', 'Джессика Барден', 'Оливия Колман', 'Джон Си Райли', 'Ариана Лабед', 'Аггелики Папоулья', 'Бен Уишоу', 'Леа Сейду', 'Майкл Смайли', 'Сара Бленкинсоп', 'Йоргос Лантимос', 'Йоргос Мавропсаридис', 'Тимиос Бакатакис', 'Симон Арналь', 'Каролин Беньо', 'Джули Билли', 'Кайт Коллинз', 'Йоргос Лантимос', 'Эфтимис Филиппоу']"",""Дэвид обязан найти себе пару, или его превратят в животное. Антиутопия Йоргоса Лантимоса, приз жюри в Каннах"",https://avatars.mds.yandex.net/get-kinopoisk-image/6201401/5b47b85a-f141-456f-a4f7-5a1388b49a9d/orig,https://www.youtube.com/embed/LTNZmOJxuAc,https://www.ivi.ru/watch/136528?utm_source=yandex&utm_medium=wizard"
"The LEGO Movie,ЛЕГО Фильм,2014 ,cartoon,7.182,США,100.0,6.0,""['мультфильм', 'фантастика', 'фэнтези', 'боевик', 'комедия', 'приключения', 'семейный']"",""['Крис Пратт', 'Уилл Феррелл', 'Элизабет Бэнкс', 'Уилл Арнетт', 'Морган Фриман', 'Лиам Нисон', 'Крэйг Берри', 'Элисон Бри', 'Дэвид Берроуз', 'Энтони Дэниелс', 'Марк Мазерсбо', None, 'Фил Лорд', 'Кристофер Миллер', 'Дэвид Берроуз', 'Крис МакКей', 'Пабло Плейстед', 'Бэрри Петерсон', 'Рой Ли', 'Дэн Линь', 'Эллисон Эббейт', 'Уилл Аллегра', 'Константин Карасик', 'Ирина Киреева', 'Гоша Куценко', 'Василий Бочкарев', 'Владислав Копп', None, None, None, 'Фил Лорд']"",""Простой строитель должен остановить тирана. Зрелищная анимация об аутсайдере, который становится героем"",https://st.kp.yandex.net/images/film_big/471644.jpg,https://www.youtube.com/embed/fZ_JOBCLF-I,"
"The Hangover,Мальчишник в Вегасе,2009 ,movie,7.864,США,96.0,16.0,['комедия'],""['Брэдли Купер', 'Эд Хелмс', 'Зак Галифианакис', 'Джастин Барта', 'Хизер Грэм', 'Джеффри Тэмбор', 'Саша Баррези', 'Кен Жонг', 'Рэйчел Харрис', 'Майк Эппс', 'Кристоф Бек', 'Эндрю Макс Кан', 'А. Тодд Холлэнд', 'Луиз Мингенбах', 'Даниэль Берман', 'Тодд Филлипс', 'Дебра Нил Фишер', 'Лоуренс Шер', 'Тодд Филлипс', 'Крис Бендер', 'Скотт Будник', 'Уильям Фэй', 'Пётр Иващенко', 'Борис Шувалов', 'Вячеслав Гришечкин', 'Александр Рахленко', 'Татьяна Шитова', 'Джон Лукас', 'Скотт Мур']"",Друзья решили оторваться в городе грехов — и у них получилось. Бодрая американская комедия от автора «Джокера»,https://st.kp.yandex.net/images/film_big/426004.jpg,https://www.youtube.com/embed/HL_5WR3OBpo,"
"Lord of War,Оружейный барон,2005 ,movie,7.7,Франция,122.0,18.0,""['драма', 'криминал']"",""['Николас Кейдж', 'Бриджет Мойнэхэн', 'Джаред Лето', 'Итан Хоук', 'Иэн Холм', 'Шаке Тухманян', 'Жан-Пьер Ншанян', 'Имонн Уокер', 'Сэмми Ротиби', 'Евгений Лазарев', 'Антонио Пинто', 'Элизабетта Беральдо', 'Эндрю Никкол', 'Зак Стэнберг', 'Амир М. Мокри', 'Николас Кейдж', 'Норман Голайтли', 'Эндрю Никкол', 'Крис Робертс', 'Александр Рахленко', 'Любовь Германова', 'Михаил Тихонов', 'Игорь Тарадайкин', 'Вячеслав Баранов', 'Эндрю Никкол']"",Бизнес полулегального торговца оружием ставит под удар его семью. Прототипом героя стал россиянин Виктор Бут,https://avatars.mds.yandex.net/get-kinopoisk-image/6201401/a57db481-df83-4aae-a681-275fa9357ef0/orig,https://www.youtube.com/embed/M5Q39v0I4Cg,https://hd.kinopoisk.ru/?rt=42f6167e4a13dd54bf2ef17ac61a61fa"
"Donnie Darko,Донни Дарко,2001 ,movie,7.604,США,113.0,18.0,""['фантастика', 'триллер', 'драма', 'детектив']"",""['Джейк Джилленхол', 'Джена Мэлоун', 'Мэгги Джилленхол', 'Мэри Макдоннелл', 'Холмс Осборн', 'Патрик Суэйзи', 'Ноа Уайли', 'Дрю Бэрримор', 'Джеймс Дювал', 'Кэтрин Росс', 'Майкл Эндрюс', 'Эйприл Ферри', 'Дженни Харрис', 'Ричард Келли', 'Сэм Бауэр', 'Эрик Страндт', 'Стивен Б. Постер', 'Адам Филдс', 'Нэнси Джувонен', 'Шон Маккиттрик', 'Кристофер Болл', 'Ричард Келли']"",""Парень видит человека-кролика, который пророчит конец света. Культовый триллер, породивший уйму теорий"",https://avatars.mds.yandex.net/get-kinopoisk-image/1629390/4c2dd163-0681-48c9-97eb-1d4e6e41486a/orig,https://www.youtube.com/embed/bzLn8sYeM9o,https://hd.kinopoisk.ru/?rt=4c8858c239cb63d2b39d5ac64a71e69f"
"Sen to Chihiro no kamikakushi,Унесённые призраками,2001 ,anime,8.492,Япония,125.0,12.0,""['аниме', 'мультфильм', 'фэнтези', 'приключения', 'семейный']"",""['Руми Хиираги', 'Мию Ирино', 'Мари Нацуки', 'Такаси Наито', 'Ясуко Савагути', 'Тацуя Гасюин', 'Рюносукэ Камики', 'Юми Тамаи', 'Ё Оидзуми', 'Коба Хаяси', 'Дзё Хисаиси', 'Ёдзи Такэсигэ', 'Хаяо Миядзаки', 'Такэси Сэяма', 'Ацуси Окуи', 'Тосио Судзуки', 'Хиронори Аихара', 'Ясуёси Токума', 'Такэёси Мацусита', 'Елизавета Чабан', 'Александра Курагина', 'Мария Раздобарина', 'Данила Шевченко', 'Иван Калинин', 'Хаяо Миядзаки']"",""Девочка должна спасти своих родителей в мире духов. Шедевр Хаяо Миядзаки, фаворит анимационных рейтингов мира"",https://st.kp.yandex.net/images/film_big/370.jpg,https://www.youtube.com/embed/Wlq6vnge20U,"
"Interstate 60,Трасса 60,2001 ,movie,8.031,Канада,116.0,16.0,""['фантастика', 'фэнтези', 'драма', 'комедия', 'детектив', 'приключения']"",""['Джеймс Марсден', 'Гари Олдман', 'Эми Смарт', 'Курт Рассел', 'Кристофер Ллойд', 'Крис Купер', 'Майкл Дж. Фокс', 'Энн-Маргрет', 'Эми Джо Джонсон', 'Арт Эванс', 'Кристоф Бек', 'Мун Йинг Кван', 'Энн Диксон', 'Марк МакГэнн', 'Боб Гейл', 'Майкл Фаллаволлита', 'Денис Малони', 'Айра Дойчман', 'Питер Ньюман', 'Питер Брэй', 'Нил Кэнтон', 'Боб Гейл']"",Нил отправляется в роуд-трип с чудаковатым попутчиком. Гари Олдман в комедийной притче об исполнении желаний,https://avatars.mds.yandex.net/get-kinopoisk-image/4716873/8d669692-92f0-402d-83da-7da41eec56f2/orig,,https://24h.tv/contents/2002-interstate-60-546346848260981289"
"Dead Poets Society,Общество мертвых поэтов,1989 ,movie,8.236,США,128.0,12.0,['драма'],""['Робин Уильямс', 'Роберт Шон Леонард', 'Итан Хоук', 'Джош Чарльз', 'Гейл Хэнсен', 'Дилан Кассман', 'Аллелон Руджеро', 'Джеймс Уотерстон', 'Норман Ллойд', 'Кертвуд Смит', 'Морис Жарр', 'Сэнди Венециано', None, 'Джон Х. Андерсон', 'Питер Уир', 'Уилльям М. Андерсон', 'Джон Сил', 'Стивен Хафт', 'Пол Юнгер Уитт', 'Тони Томас', 'Дункан Хендерсон', 'Алексей Золотницкий', 'Алексей Блохин', 'Дмитрий Филимонов', 'Андрей Бархударов', 'Сергей Чекан', 'Том Шульман']"",""В элитную школу приходит учитель-вольнодумец. Одна из лучших ролей Робина Уильямса, «Оскар» за сценарий"",https://st.kp.yandex.net/images/film_big/4996.jpg,https://www.youtube.com/embed/BAqLi89-loo,"
"The Hitchhiker's Guide to the Galaxy,Автостопом по галактике,2005 ,movie,7.083,Великобритания,109.0,12.0,""['фантастика', 'комедия', 'приключения']"",""['Мартин Фриман', 'Ясин Бей', 'Сэм Рокуэлл', 'Зои Дешанель', 'Билл Найи', 'Джон Малкович', 'Алан Рикман', 'Уорвик Дэвис', 'Анна Чэнселлор', 'Хелен Миррен', 'Джоби Тэлбот', 'Алан Кэсси', 'Дэниэл Мэй', 'Фил Симс', 'Энди Томсон', 'Фрэнк Уолш', 'Сэмми Шелдон', 'Кейт Бекли', 'Гарт Дженнингс', 'Найвен Хоуи', 'Игорь Жадю-Лилло', 'Гари Барбер', 'Роджер Бирнбаум', 'Джонатан Гликман', 'Ник Голдсмит', 'Олег Куликович', 'Валерий Соловьев', 'Станислав Концевич', 'Светлана Репетина', 'Виктор Костецкий', 'Кэри Киркпатрик', 'Дуглас Адамс']"",После гибели Земли два друга летят в космическое путешествие. Мартин Фриман в экранизации книги Дугласа Адамса,https://st.kp.yandex.net/images/film_big/79834.jpg,https://www.youtube.com/embed/rJPl9i1Vvfg,"
"Twelve Monkeys,12 обезьян,1995 ,movie,7.797,США,129.0,18.0,""['фантастика', 'триллер', 'детектив']"",""['Брюс Уиллис', 'Мэделин Стоу', 'Брэд Питт', 'Кристофер Пламмер', 'Дэвид Морс', 'Джозеф Мелито', 'Джон Седа', 'Майкл Чэнс', 'Вернон Кэмпбелл', 'Х. Майкл Уоллс', 'Пол Бакмастер', 'Уильям Лэдд Скиннер', 'Джули Уайсс', 'Криспиан Саллис', 'Терри Гиллиам', 'Мик Одсли', 'Роджер Прэтт', 'Роберт Кавалло', 'Марк Эгертон', 'Роберт Косберг', 'Гари Левинсон', 'Алексей Иващенко', 'Марианна Шульц', 'Всеволод Кузнецов', 'Александр Новиков', 'Андрей Казанцев', 'Крис Маркер', 'Дэвид Уэбб Пиплз', 'Джанет Пиплз']"",""Джеймс отправляется в прошлое, чтобы спасти мир от вируса. Брюс Уиллис в философской антиутопии Терри Гиллиама"",https://avatars.mds.yandex.net/get-kinopoisk-image/1629390/9156c8ee-f5c5-41f0-b38c-9687104ac943/orig,https://www.youtube.com/embed/VY3LIUTuRPE,https://hd.kinopoisk.ru/?rt=40ba5f15178de9debc867b51c6b8f743"
"The Departed,Отступники,2006 ,movie,8.455,США,151.0,16.0,""['триллер', 'драма', 'криминал']"",""['Леонардо ДиКаприо', 'Мэтт Дэймон', 'Джек Николсон', 'Марк Уолберг', 'Мартин Шин', 'Рэй Уинстон', 'Вера Фармига', 'Энтони Андерсон', 'Алек Болдуин', 'Кевин Корригэн', 'Говард Шор', 'Тереза Кэррикер-Тейер', 'Сэнди Пауэлл', 'Лесли Е. Роллинз', 'Мартин Скорсезе', 'Тельма Скунмейкер', 'Михаэль Балльхаус', 'Брэд Грэй', 'Грэм Кинг', 'Джанни Нуннари', 'Брэд Питт', 'Александр Гаврилин', 'Борис Шувалов', 'Дальвин Щербаков', 'Андрей Градов', 'Александр Новиков', 'Уильям Монахэн', 'Алан Мак', 'Феликс Чон']"",,https://st.kp.yandex.net/images/film_big/81314.jpg,https://www.youtube.com/embed/ggs6Ip97vRU,"
"One Flew Over the Cuckoo's Nest,Пролетая над гнездом кукушки,1975 ,movie,8.518,США,133.0,18.0,['драма'],""['Джек Николсон', 'Луиза Флетчер', 'Уилл Сэмпсон', 'Брэд Дуриф', 'Уильям Редфилд', 'Дэнни ДеВито', 'Кристофер Ллойд', 'Сидни Лэссик', 'Нэйтан Джордж', 'Винсент Скьявелли', 'Джек Ницше', 'Эдвин О’Донован', 'Эджи Джерард Роджерс', 'Милош Форман', 'Шелдон Кан', 'Линзи Клингмэн', 'Хаскелл Уэкслер', 'Майкл Дуглас', 'Сол Заенц', 'Мартин Финк', 'Владимир Еремин', 'Людмила Ильина', 'Всеволод Кузнецов', 'Сергей Балабанов', 'Рудольф Панков', 'Лоренс Хаубен', 'Бо Голдмэн', 'Кен Кизи', 'Дэйл Вассерман']"",""Джек Николсон — запертый в психушке бунтарь, который борется с системой. По великому роману Кена Кизи"",https://st.kp.yandex.net/images/film_big/336.jpg,https://www.youtube.com/embed/3NSVJlBeGBA,"
"Bone Tomahawk,Костяной томагавк,2015 ,movie,6.832,США,133.0,18.0,""['ужасы', 'вестерн']"",""['Курт Рассел', 'Патрик Уилсон', 'Мэттью Фокс', 'Ричард Дженкинс', 'Лили Симмонс', 'Эван Йоникит', 'Дэвид Аркетт', 'Фред Меламед', 'Сид Хэйг', 'Маэстро Харрелл', 'Джефф Херриотт', 'С. Крэйг Залер', 'Лаура Эванс', 'Чантал Филсон', 'Лаура Эванс', 'Гоар Галстян', 'С. Крэйг Залер', 'Грег Д’Аурия', 'Фред Раскин', 'Бенжи Бакши', 'Джек Хеллер', 'Даллас Зонньер', 'Иэн Абрахамс', 'Джонатан Фойер', 'Владимир Антоник', 'Евгений Вальц', 'Данил Щебланов', 'Олег Форостенко', 'Мария Иващенко', 'С. Крэйг Залер']"",Четверо смелых идут в логово индейцев-каннибалов. Оригинальный хоррор-вестерн не для слабонервных зрителей,https://avatars.mds.yandex.net/get-kinopoisk-image/1599028/e83f80b2-1058-4d42-9604-6a08777d5c6f/orig,https://www.youtube.com/embed/4KNWbfRDEv8,https://hd.kinopoisk.ru/?rt=48d5b661deafc28aa7e8b6c8d1c1df18"
"Whiplash,Одержимость,2013 ,movie,8.36,США,106.0,18.0,""['драма', 'музыка']"",""['Майлз Теллер', 'Дж.К. Симмонс', 'Пол Райзер', 'Мелисса Бенойст', 'Остин Стоуэлл', 'Нат Лэнг', 'Крис Малки', 'Дэймон Гаптон', 'Сюанн Споук', 'Макс Кэш', 'Джастин Гурвиц', 'Хантер Браун', 'Лиза Норсиа', 'Каруна Кармаркар', 'Дэмьен Шазелл', 'Том Кросс', 'Шэрон Мейр', 'Джейсон Блум', 'Хелен Эстабрук', 'Дэвид Ланкастер', 'Мишель Литвак', 'Дэмьен Шазелл']"",""Юный барабанщик на тернистом пути к величию. Остросюжетная драма Дэмьена Шазелла, отмеченная тремя «Оскарами»"",https://avatars.mds.yandex.net/get-kinopoisk-image/6201401/16af46be-bcfe-461e-af54-ff17b905b82e/orig,,https://hd.kinopoisk.ru/?rt=47cdb4a90fc23fe1a4a7863b4d9f62ac"
"Gisaengchung,Паразиты,2019 ,movie,8.014,Корея Южная,131.0,18.0,""['драма', 'триллер', 'комедия']"",""['Сон Кан-хо', 'Ли Сон-гюн', 'Чо Ё-джон', 'Чхве У-щик', 'Пак Со-дам', 'Чан Хе-джин', 'Чон Джи-со', 'Чон Хён-джун', 'Ли Джон-ын', 'Пак Со-джун', 'Чон Джэ-иль', 'Чхве Сэ-ён', 'Пон Джун-хо', 'Ян Джин-мо', 'Хон Гён-пхё', 'Квак Щин-э', 'Мун Ян-гвон', 'Мики Ли', 'Хо Мин-хве', 'Владимир Антоник', 'Василий Дахненко', 'Ирина Киреева', 'Евгений Хазов', 'Варвара Чабан', 'Пон Джун-хо', 'Хан Джин-вон']"",""Семья бедняков обманом получает работу в доме богачей. Южнокорейская драмеди, которая взяла четыре «Оскара»"",https://avatars.mds.yandex.net/get-kinopoisk-image/4303601/aae3a928-6465-4bed-9af4-16929a44fd79/orig,https://www.youtube.com/embed/8i3JpQgRTGM,https://hd.kinopoisk.ru/?rt=49cabe58a782cf41b9d136ee978eaf18"
"Bullet Train,Быстрее пули,2022 ,movie,7.669,США,126.0,16.0,""['боевик', 'комедия']"",""['Брэд Питт', 'Джои Кинг', 'Аарон Тейлор-Джонсон', 'Брайан Тайри Генри', 'Эндрю Кодзи', 'Хироюки Санада', 'Бэд Банни', 'Логан Лерман', 'Зази Битц', 'Майкл Шеннон', 'Доминик Льюис', 'Ричард Блум', 'Крис Фармер', 'Николас Плоткуин', 'Сара Эвелин', 'Элизабет Кинэн', 'Дэвид Литч', 'Элизабет Рональдсдоттир', 'Джонатан Села', 'Антуан Фукуа', 'Дэвид Литч', 'Келли МакКормик', 'Брент О’Коннор', 'Рауф Хабибуллин', 'Лариса Паукова', 'Дмитрий Багрянцев', 'Сергей Никоненко', 'Азиз Бейшеналиев', 'Зак Олкевич', 'Котаро Исака']"",,https://avatars.mds.yandex.net/get-kinopoisk-image/10893610/dc0cb577-6199-4903-b0f0-ce1b6acec57c/orig,https://www.youtube.com/embed/LNlkDm0rNDA,"
"In Time ,Время,2011 ,movie,7.275,США,109.0,12.0,""['фантастика', 'мелодрама', 'боевик']"",""['Джастин Тимберлейк', 'Аманда Сайфред', 'Киллиан Мерфи', 'Алекс Петтифер', 'Винсент Картайзер', 'Оливия Уайлд', 'Мэтт Бомер', 'Джонни Галэки', 'Коллинз Пенни', 'Итан Пек', 'Крэйг Армстронг', 'Влад Бина', 'Тодд Чернявски', 'Присцилла Эллиотт', 'Крис Фармер', 'Коллин Этвуд', None, 'Карен О’Хара', 'Эндрю Никкол', 'Зак Стэнберг', 'Роджер Дикинс', 'Марк Абрахам', 'Эрик Ньюман', 'Эндрю Никкол', 'Эндрю З. Дэвис', 'Илья Бледный', 'Татьяна Шитова', 'Юрий Деркач', 'Пётр Иващенко', 'Денис Беспалый', 'Эндрю Никкол']"",Время становится единственной валютой в обществе. Фантастика от режиссера «Гаттаки» с Джастином Тимберлейком,https://st.kp.yandex.net/images/film_big/517988.jpg,https://www.youtube.com/embed/923pj3DTSDg,"
"The Grand Budapest Hotel ,Отель «Гранд Будапешт»,2014 ,movie,7.937,США,100.0,16.0,""['комедия', 'приключения', 'детектив', 'криминал']"",""['Рэйф Файнс', 'Тони Револори', 'Сирша Ронан', 'Эдриан Броуди', 'Уиллем Дефо', 'Эдвард Нортон', 'Матьё Амальрик', 'Харви Кейтель', 'Ф. Мюррэй Абрахам', 'Тильда Суинтон', 'Александр Деспла', 'Санаа Аль-Хабиб', 'Штефан О. Гесслер', 'Джералд Салливан', 'Стив Саммерсгилл', 'Милена Канонеро', 'Анна Пиннок', 'Уэс Андерсон', 'Барни Пиллинг', 'Роберт Д. Йоумен', 'Уэс Андерсон', 'Джереми Доусон', 'Стивен Рейлс', 'Скотт Рудин', 'Виктор Вержбицкий', 'Евгений Березкин', 'Ирина Обрезкова', 'Дмитрий Стрелков', 'Станислав Концевич', 'Стефан Цвейг', 'Уэс Андерсон', 'Хьюго Гиннесс']"",""Старший консьерж втягивает юного подопечного в опасную историю. Любовь, убийство и погони под игру балалаек"",https://avatars.mds.yandex.net/get-kinopoisk-image/1629390/ea08a062-81a9-46e9-a475-e49388216eea/orig,https://www.youtube.com/embed/G1jG8HUY4zI,https://24h.tv/contents/2014-the-grand-budapest-hotel-555076166663274714"
"Knockin' on Heaven's Door,Достучаться до небес,1997 ,movie,8.638,Германия,87.0,18.0,""['драма', 'комедия', 'криминал']"",""['Тиль Швайгер', 'Ян Йозеф Лиферс', 'Тьерри Ван Вервеке', 'Мориц Бляйбтрой', 'Хуб Стапель', 'Леонард Лансинк', 'Ральф Херфорт', 'Корнелия Фробёсс', 'Рутгер Хауэр', 'Вилли Томчик', 'Кристиан Неандер', 'Франц Пласа', 'Жан Плевка', 'Хайке Вебер', 'Томас Ян', 'Александр Бернер', 'Геро Штеффен', 'Андре Хеннике', 'Тиль Швайгер', 'Вольфганг Браун', 'Виола Ягер', 'Алексей Мясников', 'Алексей Иващенко', 'Виктор Бохон', 'Вадим Андреев', 'Александр Груздев', 'Тиль Швайгер', 'Томас Ян']"",""Смертельно больные Мартин и Руди едут к морю на угнанной машине. Роль, сделавшая Тиля Швайгера суперзвездой"",https://avatars.mds.yandex.net/get-kinopoisk-image/4483445/df6c9527-c2cb-4a17-b4bd-1ed05d2e733d/orig,https://www.youtube.com/embed/ihthdmPlPRc,https://hd.kinopoisk.ru/?rt=4261bfa5447761298397bd57fe0341fb"
"Back to the Future,Назад в будущее,1985 ,movie,8.645,США,116.0,12.0,""['фантастика', 'комедия', 'приключения']"",""['Майкл Дж. Фокс', 'Кристофер Ллойд', 'Лиа Томпсон', 'Криспин Гловер', 'Томас Ф. Уилсон', 'Клаудия Уэллс', 'Марк МакКлюр', 'Уэнди Джо Спербер', 'Джордж ДиЧенцо', 'Фрэнсис Ли МакКейн', 'Алан Сильвестри', 'Тодд Халлоуэлл', 'Дебора Линн Скотт', 'Хэл Гаусман', 'Роберт Земекис', 'Гарри Керамидас', 'Артур Шмидт', 'Дин Канди', 'Нил Кэнтон', 'Боб Гейл', 'Кэтлин Кеннеди', 'Фрэнк Маршалл', 'Прохор Чеховской', 'Вячеслав Баранов', 'Лариса Некипелова', 'Диомид Виноградов', 'Всеволод Кузнецов', 'Роберт Земекис', 'Боб Гейл']"",""Безумный ученый и 17-летний оболтус тестируют машину времени, наводя шороху в 1950-х. Классика кинофантастики"",https://avatars.mds.yandex.net/get-kinopoisk-image/1599028/73cf2ed0-fd52-47a2-9e26-74104360786a/orig,https://www.youtube.com/embed/ou8w0gQHlRE,https://smotreshka.tv/vod/vipplay/61c561e4bb003f9003c75399?utm_source=yandex_search&utm_campaign=yandex_feed&utm_term=viju&utm_content=Viju"
"The Village ,Таинственный лес,2004 ,movie,7.149,США,108.0,12.0,""['триллер', 'мелодрама']"",""['Брайс Даллас Ховард', 'Хоакин Феникс', 'Эдриан Броуди', 'Уильям Хёрт', 'Сигурни Уивер', 'Брендан Глисон', 'Черри Джонс', 'Селия Уэстон', 'Джон Кристофер Джонс', 'Фрэнк Коллисон', 'Джеймс Ньютон Ховард', 'Тим Бич', 'Майкл Мэнсон', 'Крис Шрайвер', 'Энн Рот', 'Ларри Диас', 'М. Найт Шьямалан', 'Кристофер Теллефсен', 'Роджер Дикинс', 'Сэм Мерсер', 'Скотт Рудин', 'М. Найт Шьямалан', 'Хосе Л. Родригез', 'Евгения Игумнова', 'Александр Баргман', 'Евгений Иванов', 'Сергей Паршин', 'Наталья Суркова', 'М. Найт Шьямалан']"",""Слепая девушка против монстров. Дивной красоты триллер-антиутопия, в котором обман подстерегает на каждом шагу"",https://st.kp.yandex.net/images/film_big/47018.jpg,https://www.youtube.com/embed/0gsv3MVGTxw,"
"Barbie ,Барби,2023 ,movie,6.639,США,114.0,,""['комедия', 'приключения', 'фэнтези']"",""['Марго Робби', 'Райан Гослинг', 'Америка Феррера', 'Ариана Гринблатт', 'Кейт МакКиннон', 'Исса Рэй', 'Уилл Феррелл', 'Майкл Сера', 'Симу Лю', 'Александра Шипп', 'Марк Ронсон', 'Эндрю В. Блейкмор', 'Эндрю Макс Кан', 'Дин Клегг', 'Дэвид Доран', 'Джордана Финкел', 'Клара Гомес дель Мораль', 'Джо Ховард', 'Катрина Маккэй', 'Хью МакКлелланд', None, 'Марк Суэйн', 'Жаклин Дюрран', 'Кэти Спенсер', 'Эшли Суонсон', 'Грета Гервиг', 'Ник Хюи', 'Родриго Прието', 'Том Акерли', 'Кейт Адамс', 'Ноа Баумбак', 'Робби Бреннер', 'Катя Хейфец', 'Григорий Лайков', 'Алёна Братчикова', 'Ярослава Николаева', 'Александра Филатова', 'Грета Гервиг', 'Ноа Баумбак']"",,https://avatars.mds.yandex.net/get-kinopoisk-image/4774061/f0ae94af-050a-433b-a2a9-d6c96d644fd8/orig,https://www.youtube.com/embed/w0m2C3lN1h8,"
"Oppenheimer,Оппенгеймер,2023 ,movie,8.478,США,180.0,,""['биография', 'драма', 'история']"",""['Киллиан Мерфи', 'Эмили Блант', 'Мэтт Дэймон', 'Роберт Дауни мл.', 'Флоренс Пью', 'Джош Хартнетт', 'Кейси Аффлек', 'Рами Малек', 'Кеннет Брана', 'Бенни Сэфди', 'Людвиг Горанссон', 'Саманта Инглендер', 'Энтони Д. Парилло', 'Эллен Мирожник', 'Клер Кауфман', 'Оливия Пиблз', 'Адам Уиллис', 'Кристофер Нолан', 'Дженнифер Лэйм', 'Хойте Ван Хойтема', 'Кристофер Нолан', 'Чарльз Ровен', 'Эмма Томас', 'Томас Хэйслип', 'Станислав Шапкин', 'Катя Хейфец', 'Григорий Лайков', 'Георгий Вардиашвили', 'София Габелия', 'Кристофер Нолан', 'Кай Бёрд', 'Мартин Шервин']"",,https://avatars.mds.yandex.net/get-kinopoisk-image/4486454/c5292109-642c-4ab0-894a-cc304e1bcec4/orig,https://www.youtube.com/embed/mDu95JPujwU,"
